source1_entity_id,country,n_truth
S1-97359314,India,2
S1-895574941,India,3
S1-785235,India,5
S1-110792653,India,5
S1-861160762,India,4
S1-391709081,India,4
S1-991357667,India,5
S1-558676825,India,3
S1-668998088,India,3
S1-56704051,India,2
S1-954313734,India,3
S1-794002673,India,4
S1-130875484,India,7
S1-580894229,India,3
S1-383951324,India,2
S1-398412172,India,2
S1-677879359,India,2
S1-593280464,India,3
S1-747476346,India,5
S1-416937850,India,3
S1-494495874,India,2
S1-419985263,India,5
S1-676700038,India,5
S1-942478962,India,3
S1-820795398,India,1
S1-995266947,India,4
S1-918585065,India,3
S1-972428394,India,1
S1-924173789,India,2
S1-96133496,India,3
S1-563158806,India,2
S1-506045425,India,5
S1-413575118,India,3
S1-574234408,India,2
S1-588233179,India,2
S1-269437459,India,5
S1-923182121,India,3
S1-907390302,India,4
S1-911677997,India,2
S1-652667479,India,5
S1-120744339,India,2
S1-735206518,India,4
S1-262610029,India,2
S1-445407819,India,7
S1-939436051,India,5
S1-208660240,India,5
S1-794693297,India,1
S1-480557484,India,4
S1-42142634,India,3
S1-253867141,India,1
S1-225808165,India,7
S1-256294247,India,5
S1-334411924,India,3
S1-9632200,India,3
S1-216260895,India,4
S1-199188979,India,1
S1-520699863,India,4
S1-589607704,India,7
S1-227069200,India,5
S1-373887663,India,4
S1-934187214,India,4
S1-669674563,India,2
S1-635548049,India,4
S1-236681843,India,5
S1-458690705,India,3
S1-707240175,India,5
S1-62744944,India,1
S1-127876057,India,5
S1-182295048,India,2
S1-582318646,India,5
S1-947571447,India,4
S1-985181951,India,2
S1-786358975,India,5
S1-866319002,India,4
S1-348258844,India,3
S1-974107526,India,3
S1-616924638,India,9
S1-230279887,India,4
S1-636644154,India,4
S1-746413888,India,7
S1-789499630,India,4
S1-571108423,India,4
S1-47330883,India,5
S1-225377198,India,4
S1-471980932,India,3
S1-324105702,India,2
S1-277566168,India,3
S1-103365462,India,5
S1-989027964,India,4
S1-359254597,India,6
S1-178159787,India,7
S1-142885368,India,6
S1-153293352,India,5
S1-239589845,India,2
S1-168775843,India,2
S1-701043451,India,3
S1-417716206,India,5
S1-471519932,India,5
S1-961884388,India,4
S1-652887619,India,2
S1-208811798,India,4
S1-196694089,India,8
S1-676757451,India,2
S1-910520714,India,4
S1-448075376,India,3
S1-996297203,India,3
S1-31285744,India,3
S1-478622752,India,5
S1-751972079,India,3
S1-245974134,India,4
S1-751061961,India,5
S1-644995146,India,7
S1-39646146,India,5
S1-424129966,India,6
S1-736880456,India,4
S1-135508851,India,4
S1-762335282,India,2
S1-759451995,India,4
S1-918967926,India,3
S1-513823742,India,3
S1-667737250,India,4
S1-187218198,India,5
S1-796660109,India,6
S1-823741162,India,3
S1-821761990,India,5
S1-182336413,India,3
S1-8755750,India,1
S1-909178921,India,1
S1-869436852,India,5
S1-738848981,India,4
S1-906096811,India,6
S1-486768303,India,2
S1-61341725,India,4
S1-274855609,India,7
S1-659591219,India,1
S1-544227850,India,4
S1-886944937,India,4
S1-771547099,India,5
S1-893401304,India,6
S1-161557970,India,6
S1-501047338,India,6
S1-76439309,India,2
S1-113213337,India,4
S1-68034533,India,3
S1-25150728,India,2
S1-334464454,India,4
S1-736345516,India,3
S1-854694358,India,3
S1-8429032,India,4
S1-8646153,India,4
S1-104313700,India,2
S1-585798730,India,2
S1-965701446,India,3
S1-314614917,India,4
S1-521883268,India,6
S1-282186181,India,6
S1-685221709,India,2
S1-171591149,India,3
S1-268618501,India,4
S1-380873891,India,3
S1-125223578,India,4
S1-336246354,India,6
S1-347617670,India,3
S1-666044975,India,3
S1-340323269,India,4
S1-666591378,India,3
S1-258453972,India,5
S1-568259426,India,6
S1-992408521,India,4
S1-300780707,India,3
S1-899326308,India,2
S1-671508584,India,2
S1-800791790,India,6
S1-132606753,India,3
S1-840432339,India,5
S1-464689042,India,3
S1-172637874,India,3
S1-813674687,India,3
S1-674971864,India,7
S1-266745738,India,4
S1-53200964,India,4
S1-564287138,India,3
S1-879691287,India,2
S1-489347259,India,3
S1-811190524,India,2
S1-431630847,India,3
S1-329401809,India,4
S1-911472131,India,3
S1-160477017,India,7
S1-933334215,India,4
S1-77820795,India,1
S1-320727021,India,2
S1-530654378,India,3
S1-424852212,India,5
S1-937389288,India,5
S1-636950596,India,3
S1-52030416,India,4
S1-899991323,India,3
S1-910958924,India,4
S1-534253446,India,8
S1-885807399,India,5
S1-619410267,India,2
S1-535713505,India,5
S1-292512855,India,3
S1-403289482,India,3
S1-332758104,India,3
S1-697460683,India,2
S1-624210212,India,3
S1-223478247,India,2
S1-835725604,India,3
S1-776383875,India,2
S1-823472263,India,3
S1-679363660,India,5
S1-560896666,India,2
S1-748863531,India,4
S1-850239132,India,3
S1-616412857,India,2
S1-601477230,India,1
S1-360067729,India,4
S1-873895535,India,3
S1-230717338,India,5
S1-311616100,India,7
S1-220681236,India,4
S1-700965345,India,2
S1-500312801,India,4
S1-661609241,India,4
S1-838220651,India,2
S1-52827937,India,4
S1-149657878,India,1
S1-390980548,India,5
S1-502757185,India,2
S1-316953327,India,3
S1-834439363,India,1
S1-544391094,India,1
S1-195555280,India,4
S1-928194433,India,4
S1-730685070,India,3
S1-179229721,India,4
S1-177357455,India,2
S1-570181251,India,3
S1-7907324,India,5
S1-661118553,India,4
S1-620887894,India,4
S1-384145846,India,4
S1-469960248,India,2
S1-183514613,India,5
S1-299164722,India,2
S1-124791731,India,3
S1-785008119,India,3
S1-277549008,India,4
S1-36946139,India,5
S1-54385868,India,5
S1-813807883,India,3
S1-54006202,India,3
S1-772840868,India,6
S1-922767135,India,4
S1-730459474,India,5
S1-915127548,India,4
S1-713318559,India,5
S1-120357142,India,4
S1-121289408,India,6
S1-813796670,India,5
S1-479884725,India,2
S1-799803090,India,5
S1-757556544,India,6
S1-835424523,India,3
S1-192452014,India,6
S1-326048618,India,3
S1-168513199,India,2
S1-830891313,India,2
S1-489621725,India,5
S1-458568035,India,3
S1-192193411,India,3
S1-422291222,India,7
S1-700850879,India,6
S1-262969667,India,4
S1-724728030,India,2
S1-983618477,India,5
S1-299046429,India,4
S1-913390025,India,3
S1-669482539,India,5
S1-469526160,India,4
S1-610591899,India,2
S1-570758197,India,4
S1-975105357,India,3
S1-945253253,India,4
S1-888864875,India,3
S1-887575859,India,7
S1-645022,India,2
S1-780379132,India,3
S1-780228490,India,3
S1-307612344,India,3
S1-797953576,India,4
S1-928980721,India,4
S1-714204357,India,4
S1-997110074,India,4
S1-242002928,India,2
S1-832359312,India,3
S1-273143422,India,4
S1-33924541,India,7
S1-813340603,India,3
S1-639390290,India,5
S1-525472253,India,2
S1-265211270,India,4
S1-313054009,India,3
S1-501551224,India,4
S1-734989677,India,2
S1-44935196,India,6
S1-731323946,India,5
S1-799171637,India,3
S1-152806625,India,4
S1-53347747,India,5
S1-831987625,India,3
S1-598561368,India,4
S1-323293554,India,5
S1-874545642,India,4
S1-953853958,India,2
S1-859190382,India,5
S1-533340985,India,4
S1-719856007,India,2
S1-178094146,India,4
S1-529264263,India,3
S1-896793190,India,3
S1-764653435,India,5
S1-836307984,India,3
S1-373701207,India,3
S1-320012646,India,4
S1-772688019,India,2
S1-320983340,India,2
S1-612490615,India,3
S1-442225971,India,6
S1-382327969,India,4
S1-264045133,India,1
S1-877702774,India,3
S1-68385867,India,2
S1-265463096,India,2
S1-938700203,India,2
S1-277470949,India,2
S1-274809473,India,2
S1-375000164,India,1
S1-932161181,India,5
S1-502326827,India,1
S1-593470817,India,4
S1-264014937,India,4
S1-464155906,India,4
S1-239530518,India,2
S1-68637438,India,2
S1-846383983,India,4
S1-729260395,India,5
S1-712969787,India,2
S1-879822475,India,2
S1-785839619,India,3
S1-944120996,India,3
S1-347096098,India,4
S1-31019271,India,6
S1-597419897,India,2
S1-434043254,India,6
S1-417111208,India,4
S1-674840494,India,4
S1-645754632,India,3
S1-651327657,India,3
S1-121010790,India,1
S1-321026130,India,7
S1-828813899,India,6
S1-426615753,India,2
S1-323861365,India,4
S1-271047501,India,4
S1-671670988,India,7
S1-251218301,India,2
S1-730524495,India,3
S1-495122381,India,5
S1-662466852,India,3
S1-535513013,India,3
S1-149822916,India,5
S1-920189285,India,8
S1-866754089,India,3
S1-737478629,India,3
S1-35107107,India,3
S1-440541843,India,4
S1-498725431,India,2
S1-111093057,India,4
S1-850300325,India,9
S1-984907523,India,2
S1-174272903,India,4
S1-754830520,India,6
S1-265820703,India,5
S1-528020035,India,4
S1-435073743,India,3
S1-783590584,India,6
S1-145095598,India,6
S1-425632622,India,2
S1-251693919,India,4
S1-9331527,India,2
S1-979833741,India,3
S1-894011366,India,3
S1-861841587,India,4
S1-176565218,India,3
S1-725081358,India,7
S1-95887339,India,5
S1-654769440,India,4
S1-744020130,India,4
S1-229396758,India,2
S1-996997615,India,4
S1-776758929,India,4
S1-950295333,India,2
S1-100662140,India,3
S1-875445233,India,1
S1-855010943,India,3
S1-397311376,India,1
S1-77799293,India,3
S1-371296365,India,2
S1-369940491,India,1
S1-317669597,India,6
S1-971104574,India,2
S1-589376191,India,5
S1-920014398,India,3
S1-222286271,India,3
S1-55988490,India,2
S1-440844199,India,2
S1-649362922,India,2
S1-926078213,India,3
S1-457475773,India,5
S1-694095330,India,3
S1-770183293,India,2
S1-650779023,India,4
S1-976710353,India,4
S1-186906779,India,1
S1-160139236,India,2
S1-290244044,India,4
S1-783517027,India,2
S1-391264023,India,6
S1-83737708,India,3
S1-452723283,India,2
S1-247438931,India,3
S1-498305162,India,3
S1-476863166,India,5
S1-36381281,India,5
S1-293673568,India,4
S1-334305546,India,8
S1-878935319,India,7
S1-698905301,India,4
S1-576514161,India,5
S1-731279988,India,2
S1-605281653,India,6
S1-582816687,India,2
S1-230872533,India,3
S1-356354644,India,4
S1-877719208,India,2
S1-760895087,India,6
S1-57453019,India,2
S1-526879474,India,6
S1-769984887,India,6
S1-406231487,India,5
S1-217410178,India,4
S1-796326069,India,2
S1-407352625,India,1
S1-578133294,India,3
S1-925647942,India,1
S1-952178876,India,6
S1-806792289,India,3
S1-864583506,India,4
S1-117997829,India,4
S1-663021308,India,4
S1-523858565,India,4
S1-377545015,India,5
S1-503088940,India,5
S1-64056409,India,5
S1-681285878,India,4
S1-624709931,India,6
S1-182566816,India,3
S1-842890352,India,4
S1-607278403,India,1
S1-257569751,India,4
S1-214985129,India,6
S1-702860785,India,3
S1-301203315,India,6
S1-842039200,India,2
S1-477333267,India,6
S1-395643174,India,5
S1-869568031,India,5
S1-191385807,India,3
S1-744511796,India,5
S1-128040228,India,4
S1-639141309,India,3
S1-269215005,India,3
S1-240709455,India,2
S1-739181398,India,3
S1-231970710,India,2
S1-479555605,India,5
S1-687057270,India,5
S1-758968716,India,4
S1-590740720,India,5
S1-450984037,India,3
S1-462188093,India,2
S1-562170073,India,3
S1-697582016,India,4
S1-550584198,India,3
S1-114348738,India,4
S1-884450435,India,3
S1-531472437,India,5
S1-162627577,India,5
S1-916206005,India,3
S1-802891731,India,2
S1-718118397,India,5
S1-9446247,India,4
S1-289466389,India,3
S1-593876607,India,4
S1-702782255,India,4
S1-177372613,India,2
S1-502572940,India,3
S1-287467325,India,2
S1-443880139,India,3
S1-731913916,India,2
S1-990151458,India,5
S1-21922080,India,4
S1-726906412,India,3
S1-135733249,India,3
S1-831903662,India,2
S1-897469823,India,5
S1-652586608,India,3
S1-255488675,India,5
S1-948576467,India,3
S1-54174841,India,4
S1-144062193,India,4
S1-417941880,India,4
S1-122939928,India,4
S1-545445382,India,1
S1-533013540,India,3
S1-173296986,India,7
S1-63971103,India,2
S1-269988878,India,3
S1-971838125,India,3
S1-251770876,India,4
S1-809038395,India,2
S1-320277832,India,7
S1-246519250,India,4
S1-618981184,India,3
S1-28019485,India,4
S1-101223740,India,2
S1-112500013,India,4
S1-354828588,India,6
S1-802460575,India,5
S1-972133522,India,6
S1-381676433,India,3
S1-969819400,India,5
S1-46402798,India,3
S1-394907162,India,2
S1-518741531,India,3
S1-126129740,India,3
S1-179937852,India,4
S1-419090294,India,5
S1-64753846,India,6
S1-135842128,India,5
S1-134023008,India,6
S1-103077947,India,4
S1-612655995,India,5
S1-69789466,India,3
S1-251675251,India,3
S1-420504460,India,2
S1-832718050,India,6
S1-5536321,India,2
S1-301962972,India,2
S1-16271883,India,7
S1-146499317,India,7
S1-565086889,India,6
S1-584663288,India,4
S1-917838742,India,5
S1-459873932,India,4
S1-155282017,India,7
S1-163034685,India,4
S1-542150862,India,3
S1-16201979,India,4
S1-729831412,India,4
S1-985176291,India,3
S1-703067452,India,4
S1-851121385,India,2
S1-529313443,India,5
S1-875023677,India,6
S1-995122212,India,2
S1-174257593,India,5
S1-55432891,India,3
S1-68429412,India,3
S1-804444460,India,3
S1-763653939,India,6
S1-201996590,India,2
S1-663070042,India,5
S1-997196676,India,1
S1-134316447,India,5
S1-579336137,India,3
S1-345241196,India,3
S1-930142829,India,6
S1-194880428,India,3
S1-838077694,India,3
S1-631879608,India,4
S1-462978517,India,2
S1-153484142,India,5
S1-783426035,India,2
S1-873719056,India,2
S1-9761432,India,3
S1-51289619,India,2
S1-106467296,India,4
S1-121653864,India,3
S1-350601611,India,2
S1-238798308,India,3
S1-613322262,India,3
S1-440464110,India,2
S1-959428440,India,3
S1-664688383,India,4
S1-869367545,India,2
S1-68797250,India,6
S1-831073861,India,3
S1-412381392,India,4
S1-454026731,India,2
S1-424183530,India,2
S1-956524632,India,5
S1-39110031,India,4
S1-568147782,India,3
S1-392337437,India,2
S1-148982999,India,3
S1-261017356,India,4
S1-394027074,India,1
S1-149367420,India,2
S1-28039335,India,4
S1-15817681,India,4
S1-839948847,India,2
S1-594016150,India,4
S1-990308208,India,2
S1-109590483,India,4
S1-274704153,India,1
S1-350239319,India,3
S1-550353213,India,4
S1-355613187,India,5
S1-827431303,India,4
S1-237438275,India,4
S1-135026327,India,6
S1-516420940,India,3
S1-154684053,India,5
S1-66815789,India,5
S1-707461848,India,5
S1-874265077,India,3
S1-550771700,India,2
S1-185858785,India,4
S1-779544100,India,1
S1-348554872,India,5
S1-144367152,India,2
S1-571599575,India,3
S1-313719008,India,2
S1-287057193,India,3
S1-127090406,India,4
S1-176019422,India,2
S1-4823936,India,3
S1-77458859,India,9
S1-127526060,India,4
S1-66585681,India,4
S1-943993523,India,5
S1-543135783,India,4
S1-670409472,India,3
S1-305132798,India,3
S1-795688236,India,1
S1-647112147,India,5
S1-364484701,India,5
S1-838534533,India,4
S1-135565161,India,3
S1-808583131,India,5
S1-106206021,India,2
S1-590028309,India,4
S1-165092194,India,3
S1-3457577,India,2
S1-537386245,India,3
S1-644143740,India,4
S1-855313120,India,5
S1-319271519,India,4
S1-316200192,India,1
S1-812335701,India,3
S1-808500247,India,7
S1-684298965,India,2
S1-147821914,India,4
S1-892481188,India,4
S1-429451154,India,4
S1-968048437,India,5
S1-143736231,India,5
S1-765500345,India,5
S1-820479040,India,2
S1-839768188,India,5
S1-123687338,India,4
S1-583995434,India,4
S1-997414641,India,5
S1-714654852,India,3
S1-989197494,India,3
S1-932679857,India,5
S1-960478318,India,4
S1-937276306,India,5
S1-885417637,India,1
S1-739799929,India,5
S1-172704629,India,5
S1-857436182,India,5
S1-557165049,India,2
S1-604287298,India,2
S1-11641154,India,4
S1-956854828,India,3
S1-637293773,India,4
S1-639914160,India,4
S1-434488406,India,2
S1-893058667,India,2
S1-414917952,India,6
S1-79353275,India,8
S1-896334831,India,4
S1-583860678,India,3
S1-429338283,India,5
S1-612460575,India,1
S1-43462802,India,3
S1-795048629,India,6
S1-649747590,India,1
S1-202227207,India,5
S1-554355420,India,1
S1-921526724,India,1
S1-461685281,India,1
S1-579940894,India,2
S1-445415038,India,5
S1-772585238,India,3
S1-777699790,India,3
S1-468533733,India,2
S1-693592148,India,2
S1-515857609,India,2
S1-300743711,India,3
S1-382249312,India,3
S1-326987907,India,6
S1-684164258,India,3
S1-363025647,India,1
S1-943466630,India,3
S1-976941046,India,6
S1-293249059,India,3
S1-657054104,India,5
S1-656397828,India,2
S1-640835937,India,4
S1-681506272,India,4
S1-699781472,India,1
S1-799200454,India,2
S1-693231686,India,2
S1-34047113,India,4
S1-807190402,India,4
S1-759005256,India,3
S1-489669299,India,4
S1-863529051,India,5
S1-254059706,India,3
S1-391950850,India,2
S1-734746132,India,3
S1-572851301,India,3
S1-984136332,India,3
S1-590674627,India,1
S1-107376841,India,4
S1-402263896,India,1
S1-337284079,India,5
S1-408249238,India,1
S1-236024570,India,3
S1-757558416,India,4
S1-674407644,India,4
S1-968781396,India,3
S1-496248631,India,3
S1-144424866,India,4
S1-260144651,India,5
S1-562919412,India,4
S1-612113055,India,3
S1-739627500,India,2
S1-840790965,India,3
S1-587675218,India,4
S1-586350432,India,3
S1-276302554,India,6
S1-395516473,India,3
S1-540777775,India,2
S1-866705738,India,1
S1-51119647,India,3
S1-418895080,India,4
S1-824584439,India,3
S1-202564337,India,2
S1-864218687,India,2
S1-634028576,India,5
S1-374132979,India,3
S1-142471750,India,5
S1-366827655,India,3
S1-445056574,India,5
S1-810096917,India,4
S1-424010232,India,3
S1-660655206,India,6
S1-430608529,India,2
S1-523267931,India,6
S1-969254660,India,3
S1-666714695,India,5
S1-143083593,India,3
S1-111116285,India,3
S1-50926137,India,4
S1-718042596,India,4
S1-300227445,India,4
S1-356105639,India,6
S1-344155557,India,2
S1-531464995,India,4
S1-736563565,India,4
S1-780177214,India,5
S1-815238518,India,5
S1-337056341,India,4
S1-989564816,US,4
S1-711802413,US,3
S1-906431823,US,5
S1-140287415,US,4
S1-9902859,US,3
S1-766678182,US,1
S1-103050257,US,5
S1-595188640,US,5
S1-763870312,US,3
S1-109720718,US,4
S1-576095475,US,4
S1-241872490,US,2
S1-1347939,US,5
S1-415854296,US,5
S1-913008351,US,7
S1-806028578,US,5
S1-913890748,US,2
S1-938023161,US,2
S1-400671105,US,4
S1-347246687,US,2
S1-744272818,US,3
S1-709776388,US,5
S1-149660055,US,3
S1-456548884,US,4
S1-120079126,US,2
S1-824653107,US,5
S1-892323397,US,2
S1-149205260,US,4
S1-156910403,US,4
S1-873305627,US,2
S1-454664848,US,4
S1-81571835,US,6
S1-618306086,US,2
S1-473962059,US,7
S1-810239683,US,3
S1-577812021,US,2
S1-373224084,US,5
S1-405935756,US,3
S1-25669749,US,2
S1-601325841,US,3
S1-607427609,US,6
S1-624485655,US,5
S1-311450058,US,3
S1-275556950,US,5
S1-913724452,US,5
S1-449264481,US,4
S1-507863922,US,3
S1-172218921,US,3
S1-738608990,US,8
S1-374014399,US,3
S1-563052229,US,5
S1-997222914,US,2
S1-802588614,US,5
S1-889455124,US,3
S1-374498112,US,5
S1-223819668,US,3
S1-107456804,US,2
S1-20126173,US,1
S1-910542468,US,3
S1-689326752,US,4
S1-422446958,US,1
S1-296289462,US,3
S1-175847817,US,2
S1-789011018,US,2
S1-668498840,US,6
S1-826429782,US,7
S1-110390231,US,3
S1-643269819,US,5
S1-343902106,US,4
S1-964083477,US,7
S1-554861276,US,3
S1-949224716,US,5
S1-596057679,US,2
S1-765080472,US,3
S1-376131040,US,5
S1-30203446,US,2
S1-76326381,US,1
S1-115560570,US,3
S1-237890282,US,3
S1-546951523,US,5
S1-966453023,US,7
S1-901824050,US,1
S1-112165960,US,3
S1-228830144,US,1
S1-109101728,US,4
S1-733715654,US,3
S1-231510129,US,6
S1-406412295,US,3
S1-25553276,US,4
S1-978113332,US,3
S1-423402102,US,3
S1-798315960,US,2
S1-761555600,US,7
S1-279484486,US,4
S1-172697581,US,4
S1-802908452,US,3
S1-410960251,US,4
S1-375159660,US,4
S1-70854868,US,4
S1-166452409,US,2
S1-995223511,US,3
S1-216997813,US,5
S1-886695360,US,2
S1-903742767,US,5
S1-184964486,US,2
S1-509367448,US,5
S1-967730180,US,3
S1-350791457,US,4
S1-752049538,US,3
S1-246828534,US,1
S1-724253276,US,5
S1-148286754,US,4
S1-156090192,US,1
S1-602851847,US,5
S1-972279198,US,5
S1-472144082,US,5
S1-60261224,US,3
S1-278859937,US,5
S1-517203052,US,5
S1-164538433,US,3
S1-331845786,US,2
S1-404611185,US,4
S1-481497214,US,3
S1-674719774,US,2
S1-445334705,US,4
S1-930713347,US,5
S1-490950526,US,5
S1-417559084,US,2
S1-580371377,US,1
S1-408941682,US,4
S1-699246594,US,2
S1-344474633,US,2
S1-561636938,US,1
S1-466907046,US,7
S1-933324603,US,3
S1-598695384,US,4
S1-153933155,US,7
S1-109727237,US,4
S1-355447409,US,5
S1-822877629,US,3
S1-890155045,US,3
S1-910787412,US,2
S1-984037016,US,4
S1-369159471,US,4
S1-457051283,US,2
S1-770278877,US,2
S1-989674677,US,4
S1-741994092,US,4
S1-870464145,US,4
S1-649420085,US,3
S1-100515729,US,2
S1-721285629,US,2
S1-709832691,US,7
S1-94630319,US,1
S1-566578568,US,3
S1-94280596,US,3
S1-589235795,US,2
S1-964438574,US,6
S1-171888730,US,5
S1-775140410,US,5
S1-543567900,US,3
S1-707766664,US,8
S1-689377131,US,3
S1-707578655,US,4
S1-615899083,US,1
S1-124641887,US,3
S1-453844268,US,4
S1-864929385,US,4
S1-478501961,US,3
S1-174428145,US,2
S1-545710037,US,6
S1-677448711,US,3
S1-626191277,US,3
S1-927826436,US,3
S1-310246194,US,5
S1-674804543,US,3
S1-369418641,US,6
S1-978609152,US,3
S1-791294565,US,5
S1-942009682,US,4
S1-499262277,US,4
S1-532745770,US,1
S1-402407925,US,5
S1-91346312,US,5
S1-533578269,US,5
S1-524247478,US,4
S1-151457976,US,1
S1-539623454,US,5
S1-660992252,US,4
S1-257242481,US,4
S1-755245145,US,2
S1-958570727,US,5
S1-599637705,US,2
S1-874781436,US,2
S1-778340224,US,7
S1-256863580,US,7
S1-619837062,US,4
S1-390439462,US,2
S1-412880334,US,5
S1-386439012,US,4
S1-793000713,US,7
S1-401945130,US,4
S1-543430807,US,3
S1-857043488,US,3
S1-159548722,US,4
S1-993188260,US,2
S1-662634042,US,4
S1-96928877,US,5
S1-817497079,US,4
S1-54008305,US,4
S1-252138237,US,8
S1-713758640,US,5
S1-846624756,US,4
S1-960358504,US,5
S1-575248397,US,4
S1-675715402,US,7
S1-186895246,US,2
S1-21502753,US,3
S1-176821104,US,4
S1-832928719,US,5
S1-373654843,US,3
S1-168353385,US,5
S1-969694851,US,4
S1-667376840,US,3
S1-750509775,US,6
S1-905409799,US,4
S1-504740308,US,6
S1-209747158,US,3
S1-335642065,US,5
S1-208831472,US,5
S1-537104073,US,2
S1-340906971,US,3
S1-779455462,US,3
S1-301405675,US,5
S1-570937788,US,4
S1-837356383,US,5
S1-485806211,US,3
S1-90076937,US,5
S1-709994053,US,3
S1-374100046,US,6
S1-779010658,US,3
S1-808002229,US,3
S1-341162705,US,3
S1-320504224,US,3
S1-298491991,US,2
S1-361515932,US,4
S1-642918954,US,3
S1-255570929,US,3
S1-240105214,US,5
S1-697898377,US,2
S1-165920494,US,3
S1-183425390,US,5
S1-842181811,US,3
S1-374333030,US,1
S1-519208076,US,6
S1-882655445,US,4
S1-110313718,US,2
S1-157546412,US,2
S1-722217098,US,2
S1-610784176,US,6
S1-639059295,US,4
S1-82375451,US,3
S1-366128662,US,6
S1-648344296,US,4
S1-792254571,US,5
S1-303629774,US,3
S1-314283763,US,4
S1-169410599,US,4
S1-595184637,US,6
S1-688021056,US,2
S1-535224642,US,3
S1-864233786,US,1
S1-341794279,US,4
S1-415310564,US,2
S1-250152399,US,3
S1-302581386,US,2
S1-502421824,US,3
S1-543317407,US,5
S1-408409279,US,6
S1-919639145,US,5
S1-795083210,US,4
S1-475526601,US,5
S1-868719194,US,2
S1-607426287,US,3
S1-699807728,US,1
S1-649184136,US,3
S1-26372416,US,3
S1-495473850,US,3
S1-182341792,US,4
S1-584448459,US,6
S1-591211812,US,2
S1-195833129,US,3
S1-477899988,US,1
S1-674429955,US,4
S1-539089037,US,3
S1-866661473,US,1
S1-291421991,US,4
S1-742032441,US,2
S1-496484109,US,4
S1-957826237,US,1
S1-882868696,US,4
S1-351613831,US,4
S1-91917777,US,7
S1-942672723,US,6
S1-345064812,US,7
S1-372277739,US,4
S1-173607909,US,2
S1-469356079,US,2
S1-379333910,US,3
S1-955270474,US,4
S1-926376890,US,5
S1-701075599,US,2
S1-266999900,US,8
S1-830187342,US,3
S1-292821167,US,3
S1-204219090,US,7
S1-511672256,US,3
S1-753258319,US,3
S1-293600805,US,5
S1-140003239,US,4
S1-142347128,US,3
S1-592930727,US,4
S1-140020677,US,3
S1-948346011,US,4
S1-862316231,US,6
S1-803234098,US,5
S1-488434111,US,2
S1-986307067,US,1
S1-733716384,US,8
S1-926875268,US,3
S1-902874231,US,6
S1-589414390,US,4
S1-381540720,US,1
S1-383048614,US,5
S1-811225345,US,2
S1-255724863,US,4
S1-212642713,US,3
S1-564987074,US,2
S1-349684663,US,3
S1-891577293,US,5
S1-252356981,US,5
S1-570921005,US,1
S1-251045156,US,7
S1-384984606,US,5
S1-980175120,US,2
S1-111140552,US,2
S1-520114606,US,6
S1-665346434,US,6
S1-135254658,US,6
S1-788829248,US,3
S1-646164572,US,4
S1-877576285,US,3
S1-108283519,US,4
S1-441332805,US,4
S1-300896609,US,2
S1-378118307,US,4
S1-546618669,US,5
S1-598243773,US,2
S1-730283841,US,5
S1-78930460,US,3
S1-767632681,US,3
S1-887158998,US,5
S1-75256239,US,3
S1-738264661,US,3
S1-317594414,US,1
S1-675101505,US,3
S1-666905110,US,6
S1-370269815,US,5
S1-946694212,US,4
S1-857744987,US,3
S1-710602948,US,2
S1-179501223,US,1
S1-319598560,US,1
S1-193812456,US,3
S1-618228703,US,2
S1-845925014,US,2
S1-68762231,US,3
S1-198725138,US,4
S1-604401418,US,4
S1-648405821,US,3
S1-639613629,US,3
S1-66480290,US,3
S1-115469622,US,3
S1-888237059,US,2
S1-6765230,US,4
S1-505536774,US,1
S1-896797044,US,4
S1-234270538,US,7
S1-268314395,US,5
S1-120272189,US,3
S1-794104539,US,5
S1-301467957,US,3
S1-701690674,US,2
S1-994808611,US,4
S1-235273525,US,3
S1-136855454,US,2
S1-196776273,US,2
S1-508203006,US,2
S1-331189351,US,7
S1-424084047,US,5
S1-440319845,US,5
S1-147167482,US,3
S1-549710352,US,7
S1-460843968,US,1
S1-751863633,US,4
S1-858872255,US,2
S1-111583144,US,5
S1-591697663,US,5
S1-626110544,US,9
S1-231024490,US,5
S1-587442098,US,1
S1-488486736,US,4
S1-670890283,US,4
S1-523512737,US,3
S1-862467395,US,3
S1-588004192,US,1
S1-15088111,US,5
S1-146990250,US,3
S1-949459221,US,5
S1-40934960,US,1
S1-234483082,US,6
S1-146672844,US,5
S1-675018360,US,4
S1-217345453,US,4
S1-664549092,US,4
S1-246525030,US,3
S1-646676310,US,6
S1-928099466,US,4
S1-642010343,US,5
S1-719406710,US,2
S1-902843189,US,4
S1-96422555,US,3
S1-989272312,US,2
S1-127026117,US,3
S1-284699450,US,4
S1-579913087,US,3
S1-450470351,US,4
S1-540175635,US,4
S1-74354579,US,3
S1-301489596,US,2
S1-363817460,US,5
S1-389892977,US,5
S1-945912879,US,1
S1-326675514,US,3
S1-412389576,US,4
S1-915336793,US,5
S1-710582474,US,4
S1-644659998,US,4
S1-72986543,US,2
S1-270602436,US,3
S1-95332714,US,8
S1-12692387,US,5
S1-180293894,US,2
S1-616297423,US,1
S1-879400015,US,2
S1-472547548,US,3
S1-379195829,US,5
S1-318932549,US,5
S1-627345275,US,7
S1-316156121,US,3
S1-683462078,US,4
S1-367191063,US,3
S1-337204815,US,2
S1-909106909,US,4
S1-112449614,US,3
S1-51803904,US,2
S1-424772865,US,6
S1-485297382,US,5
S1-932661427,US,3
S1-831126196,US,6
S1-221999810,US,4
S1-462172325,US,3
S1-442234640,US,3
S1-844857006,US,3
S1-543662552,US,3
S1-651889593,US,6
S1-175703005,US,4
S1-48907375,US,3
S1-706347699,US,4
S1-960787494,US,6
S1-289495470,US,3
S1-321740131,US,5
S1-29795315,US,1
S1-185703620,US,2
S1-517776368,US,2
S1-107515537,US,2
S1-334125323,US,3
S1-65984268,US,2
S1-411436642,US,3
S1-909422241,US,4
S1-886222433,US,4
S1-494880300,US,2
S1-882674649,US,2
S1-259357615,US,2
S1-116142259,US,3
S1-64145073,US,3
S1-904460695,US,5
S1-187087676,US,6
S1-150378836,US,2
S1-131699061,US,4
S1-702653644,US,8
S1-273361293,US,6
S1-983849393,US,3
S1-273051805,US,6
S1-536355093,US,5
S1-49179909,US,3
S1-716174022,US,3
S1-349427961,US,4
S1-555558615,US,9
S1-677392985,US,2
S1-573069384,US,4
S1-944320870,US,5
S1-805978997,US,4
S1-587446317,US,5
S1-832181816,US,3
S1-937771401,US,2
S1-809344610,US,3
S1-232107576,US,3
S1-95356645,US,4
S1-521916484,US,5
S1-438405617,US,4
S1-496640991,US,3
S1-241159387,US,2
S1-75617380,US,3
S1-509621605,US,2
S1-668948403,US,4
S1-229309809,US,3
S1-310281657,US,2
S1-50205073,US,4
S1-621735415,US,4
S1-743751695,US,6
S1-920925297,US,5
S1-352286462,US,4
S1-341400332,US,4
S1-144102725,US,5
S1-224212690,US,7
S1-404176129,US,9
S1-855355685,US,3
S1-93025413,US,3
S1-738891324,US,6
S1-804335334,US,5
S1-913721906,US,3
S1-831993828,US,3
S1-307297295,US,2
S1-508793406,US,2
S1-412264584,US,6
S1-916271116,US,2
S1-478408254,US,3
S1-410152940,US,4
S1-7272746,US,5
S1-989145838,US,5
S1-43158310,US,2
S1-413460215,US,5
S1-63702561,US,6
S1-547930095,US,3
S1-768737181,US,5
S1-792703041,US,3
S1-247808208,US,3
S1-249261506,US,4
S1-955804120,US,3
S1-565910690,US,4
S1-32246016,US,5
S1-341644815,US,2
S1-285429959,US,7
S1-873421624,US,3
S1-42740820,US,5
S1-801929719,US,2
S1-972101187,US,3
S1-792312876,US,3
S1-436941244,US,4
S1-151217192,US,5
S1-77898946,US,4
S1-102986108,US,5
S1-259946481,US,3
S1-765079174,US,2
S1-967553694,US,2
S1-738643538,US,2
S1-217817384,US,6
S1-152242095,US,3
S1-662469402,US,2
S1-595572869,US,4
S1-458126476,US,3
S1-440308614,US,2
S1-647784404,US,3
S1-457597676,US,5
S1-942526175,US,3
S1-293916464,US,4
S1-918608971,US,4
S1-380427704,US,4
S1-466103096,US,5
S1-456692010,US,3
S1-582305683,US,2
S1-259089587,US,4
S1-701909394,US,3
S1-508560978,US,3
S1-13435478,US,4
S1-932618881,US,2
S1-241873046,US,4
S1-372806151,US,3
S1-161679447,US,4
S1-726491210,US,2
S1-12142580,US,4
S1-460031521,US,4
S1-739733543,US,4
S1-815657118,US,4
S1-869786890,US,2
S1-562791894,US,3
S1-762903844,US,4
S1-211663706,US,6
S1-721898139,US,6
S1-777073207,US,4
S1-13608221,US,4
S1-175809392,US,3
S1-975046673,US,4
S1-952584566,US,5
S1-888111751,US,4
S1-91079494,US,6
S1-43001753,US,3
S1-747150573,US,2
S1-968997469,US,3
S1-350533497,US,3
S1-923952046,US,5
S1-132094322,US,3
S1-47276072,US,4
S1-701829628,US,2
S1-809874043,US,6
S1-546524367,US,4
S1-397427667,US,3
S1-612069145,US,4
S1-75405895,US,2
S1-923975898,US,4
S1-459101905,US,3
S1-452879845,US,5
S1-76392179,US,5
S1-708753373,US,3
S1-27445216,US,2
S1-579306427,US,5
S1-411085106,US,4
S1-592773328,US,5
S1-131505623,US,4
S1-192274008,US,3
S1-652817829,US,5
S1-378008377,US,6
S1-729106984,US,4
S1-897466778,US,4
S1-437393505,US,2
S1-505937318,US,5
S1-207710257,US,2
S1-243133571,US,3
S1-105716340,US,2
S1-674219192,US,1
S1-756405938,US,4
S1-294916288,US,3
S1-662719571,US,5
S1-403198807,US,4
S1-601118247,US,5
S1-715018557,US,4
S1-661816148,US,2
S1-620218496,US,3
S1-549939094,US,2
S1-13025093,US,3
S1-508209699,US,3
S1-323981577,US,5
S1-456765069,US,4
S1-203392791,US,2
S1-234037778,US,5
S1-471978855,US,1
S1-712414643,US,2
S1-52241299,US,4
S1-727570541,US,4
S1-698615666,US,4
S1-339442047,US,4
S1-721091772,US,3
S1-918372967,US,5
S1-679019388,US,2
S1-854288036,US,7
S1-749348941,US,5
S1-621878898,US,4
S1-277052746,US,6
S1-965055075,US,2
S1-610638447,US,1
S1-660066543,US,2
S1-217108410,US,3
S1-862316796,US,4
S1-426600831,US,5
S1-513749040,US,3
S1-883390087,US,2
S1-793751280,US,2
S1-972390517,US,2
S1-641335380,US,4
S1-684932371,US,3
S1-538330238,US,5
S1-235256423,US,2
S1-717612,US,2
S1-641605941,US,6
S1-370015709,US,2
S1-160957902,US,1
S1-463296325,US,5
S1-129673842,US,4
S1-127763340,US,6
S1-141316462,US,3
S1-475353991,US,4
S1-413927996,US,5
S1-765719686,US,3
S1-658475462,US,3
S1-457429811,US,6
S1-792796453,US,2
S1-430542967,US,4
S1-651406333,US,5
S1-787738206,US,4
S1-838717953,US,3
S1-26555198,US,5
S1-379149016,US,4
S1-882614253,US,5
S1-763923712,US,3
S1-295265759,US,5
S1-834330354,US,5
S1-199356859,US,2
S1-474177202,US,5
S1-430230415,US,6
S1-618762856,US,2
S1-362702559,US,2
S1-387119339,US,1
S1-929412012,US,2
S1-689041300,US,3
S1-791312255,US,4
S1-935663361,US,2
S1-658228942,US,3
S1-726003583,US,8
S1-398008342,US,4
S1-589374647,US,4
S1-780287381,US,2
S1-690978444,US,4
S1-44017946,US,4
S1-500653850,US,3
S1-980856519,US,3
S1-969659303,US,3
S1-705593921,US,5
S1-963120023,US,3
S1-854690662,US,5
S1-859015738,US,4
S1-499300291,US,1
S1-47782010,US,3
S1-271149548,US,3
S1-667212771,US,3
S1-809474611,US,5
S1-564365098,US,5
S1-927886661,US,6
S1-294230734,US,4
S1-386278516,US,4
S1-978574202,US,5
S1-534914622,US,5
S1-244558099,US,3
S1-638204230,US,3
S1-385126757,US,2
S1-684252465,US,5
S1-937063577,US,3
S1-943943220,US,3
S1-611850102,US,2
S1-492173835,US,3
S1-596655881,US,5
S1-738026616,US,2
S1-438545861,US,3
S1-229464384,US,2
S1-497950600,US,4
S1-466251335,US,6
S1-192601758,US,4
S1-622187347,US,4
S1-699864578,US,2
S1-654392106,US,2
S1-482776406,US,5
S1-851795518,US,3
S1-552783285,US,2
S1-361654542,US,6
S1-367915371,US,4
S1-134236977,US,1
S1-824735288,US,3
S1-689332755,US,9
S1-395120793,US,6
S1-150465182,US,3
S1-550173083,US,6
S1-790325656,US,4
S1-378499303,US,3
S1-750481826,US,6
S1-962920302,US,2
S1-513937109,US,3
S1-513063658,US,4
S1-864604977,US,3
S1-571298929,US,3
S1-281229577,US,3
S1-351261305,US,5
S1-647604215,US,1
S1-823944344,US,6
S1-201539060,US,4
S1-266391302,US,2
S1-323270008,US,4
S1-181716494,US,2
S1-630852480,US,3
S1-353017337,US,5
S1-119451437,US,4
S1-870826851,US,3
S1-399261507,US,4
S1-478618941,US,2
S1-637536813,US,5
S1-516335412,US,1
S1-819520749,US,2
S1-48050867,US,4
S1-626522002,US,2
S1-97411878,US,2
S1-916297435,US,4
S1-172552403,US,2
S1-239585973,US,3
S1-882161521,US,6
S1-235221543,US,7
S1-491290733,US,4
S1-744649725,US,6
S1-773373118,US,2
S1-843413396,US,2
S1-209554937,US,2
S1-348217112,US,5
S1-840134002,US,4
S1-465830681,US,3
S1-475155062,US,7
S1-537548209,US,4
S1-909421609,US,4
S1-698615149,US,2
S1-543811395,US,1
S1-470292550,US,3
S1-515494859,US,4
S1-343744311,US,3
S1-991442524,US,3
S1-881836848,US,4
S1-725471063,US,5
S1-828951813,US,1
S1-266328571,US,3
S1-485062146,US,3
S1-10171028,US,3
S1-127881326,US,3
S1-588345922,US,4
S1-299194858,US,6
S1-668772218,US,6
S1-163764131,US,4
S1-448637402,US,3
S1-669981623,US,3
S1-276481975,US,3
S1-690440474,US,2
S1-869723006,US,4
S1-55120497,US,2
S1-80291356,US,3
S1-265608792,US,6
S1-621061624,US,2
S1-227182907,US,6
S1-219248179,US,2
S1-644306254,US,2
S1-586031850,US,1
S1-791590583,US,3
S1-150399121,US,4
S1-720275740,US,7
S1-202516851,US,4
S1-741426988,US,4
S1-824239016,US,5
S1-699683002,US,4
S1-628579160,US,3
S1-278961556,US,3
S1-215665677,US,5
S1-663536839,US,4
S1-348757455,US,6
S1-923981054,US,3
S1-749183396,US,3
S1-394636596,US,2
S1-848474222,US,2
S1-286675941,US,4
S1-428937485,US,5
S1-77193559,US,4
S1-280526768,US,3
S1-816548397,US,3
S1-937175549,US,6
S1-86643361,US,2
S1-617758235,US,5
S1-759392916,US,5
S1-561839905,US,2
S1-308821408,US,3
S1-243601682,US,5
S1-963253464,US,6
S1-784614648,US,4
S1-844518324,US,4
S1-815071653,US,3
S1-422395475,US,2
S1-801561832,US,4
S1-770701994,US,3
S1-8947933,US,6
S1-689642708,US,4
S1-980229202,US,6
S1-862509116,US,3
S1-683331622,US,5
S1-721379383,US,4
S1-17337924,US,3
S1-98383596,US,3
S1-299784551,US,3
S1-809750695,US,4
S1-930891200,US,4
S1-160049327,US,4
S1-946633634,US,4
S1-733099040,US,4
S1-608436185,US,6
S1-730977084,US,7
S1-618773449,US,2
S1-428361086,US,5
S1-525175683,US,2
S1-736265346,US,3
S1-301911858,US,1
S1-579623161,US,4
S1-196131338,US,3
S1-440503419,US,6
S1-162044410,US,5
S1-399491689,US,2
S1-938171320,US,2
S1-206187486,US,4
S1-158472318,US,6
S1-929010918,US,5
S1-328196776,US,3
S1-940879750,US,4
S1-361752713,US,1
S1-722283159,US,2
S1-830474768,US,5
S1-370708238,US,5
S1-821010610,US,3
S1-529797068,US,4
S1-575974789,US,3
S1-874145138,US,2
S1-399783401,US,3
S1-655062498,US,3
S1-256203599,US,2
S1-28678158,US,3
S1-70790505,US,3
S1-32927252,US,3
S1-684071179,US,4
S1-218697994,US,5
S1-288657743,US,3
S1-619132297,US,5
S1-602165256,US,4
S1-879812753,US,1
S1-731801298,US,5
S1-376244781,US,5
S1-520976150,US,3
S1-478834658,US,4
S1-941442619,US,2
S1-590460410,US,8
S1-457448310,US,2
S1-643115471,US,3
S1-118768510,US,4
S1-810880610,US,4
S1-796750486,US,5
S1-479831259,US,5
S1-799714997,US,2
S1-658755312,US,1
S1-645708214,US,4
S1-318795527,US,3
S1-524597952,US,3
S1-355303868,US,5
S1-253436270,US,1
S1-368651302,US,3
S1-294796930,US,2
S1-998970058,US,5
S1-557633552,US,3
S1-751428422,US,2
S1-543976067,US,2
S1-585590855,US,5
S1-791810166,US,1
S1-352316702,US,4
S1-156140225,US,4
S1-507656184,US,2
S1-910222961,US,7
S1-45587267,US,4
S1-977068079,US,6
S1-218681773,US,8
S1-300519954,US,6
S1-324316646,US,5
S1-455624807,US,3
S1-147214739,US,3
S1-57995583,US,8
S1-850928587,US,2
S1-119643609,US,2
S1-44119060,US,4
S1-247840546,US,3
S1-773954828,US,2
S1-292930179,US,1
S1-645700336,US,3
S1-711684016,US,1
S1-221073772,US,6
S1-236642179,US,4
S1-402105162,US,5
S1-236186753,US,4
S1-264729976,US,2
S1-738589413,US,2
S1-416560457,US,1
S1-142676313,US,3
S1-493349965,US,4
S1-12239295,US,1
S1-544720385,US,3
S1-979848436,US,3
S1-66058826,US,4
S1-748458705,US,4
S1-502675077,US,5
S1-931830730,US,6
S1-986754467,US,5
S1-950471697,US,2
S1-92023677,US,6
S1-526302086,US,6
S1-966236989,US,1
S1-602345041,US,3
S1-133138448,US,2
S1-744359504,US,4
S1-733097594,US,6
S1-403232439,US,5
S1-736182530,US,3
S1-502947339,US,6
S1-313810955,US,5
S1-866241066,US,3
S1-349293109,US,2
S1-76506124,US,3
S1-759101401,US,4
S1-223123199,US,4
S1-282888595,US,4
S1-426247947,US,4
S1-572866700,US,4
S1-779493997,US,5
S1-554700452,US,1
S1-976004482,US,4
S1-20755322,US,3
S1-526606089,US,3
S1-326120404,US,4
S1-188476324,US,4
S1-441704312,US,3
S1-608963841,US,3
S1-353361061,US,2
S1-964974255,US,3
S1-270468266,US,3
S1-943569260,US,3
S1-291230458,US,3
S1-300557743,US,2
S1-14381833,US,2
S1-725240173,US,7
S1-14882049,US,3
S1-754605324,US,5
S1-635788224,US,2
S1-949617330,US,3
S1-390359504,US,3
S1-913208491,US,4
S1-518355511,US,1
S1-412877697,US,1
S1-542967736,US,4
S1-14843711,US,2
S1-189861720,US,3
S1-223407834,US,3
S1-440224502,US,6
S1-126456148,US,2
S1-306651355,US,3
S1-643556352,US,4
S1-711534855,US,6
S1-830074813,US,2
S1-640780634,US,4
S1-97199812,US,5
S1-718755497,US,4
S1-918462505,US,6
S1-711888058,US,3
S1-428363931,US,4
S1-386769104,US,3
S1-154959463,US,2
S1-106138516,US,6
S1-415555923,US,3
S1-452889166,US,5
S1-803798812,US,5
S1-432302215,US,4
S1-563845136,US,3
S1-350019888,US,4
S1-456715965,US,3
S1-743201863,US,1
S1-385150945,US,5
S1-821460458,US,3
S1-302308549,US,6
S1-562293996,US,4
S1-843212839,US,3
S1-684330058,US,3
S1-318204006,US,5
S1-815217037,US,3
S1-750719994,US,2
S1-362207837,US,5
S1-96821468,US,5
S1-691833987,US,4
S1-871565054,US,3
S1-791072926,US,4
S1-239441540,US,4
S1-343437268,US,6
S1-381526862,US,4
S1-914312177,US,3
S1-116711454,US,3
S1-5194820,US,3
S1-115733041,US,3
S1-781156765,US,1
S1-100575904,US,5
S1-199331807,US,4
S1-787386714,US,2
S1-582334587,US,2
S1-710238823,US,3
S1-936966173,US,1
S1-357024102,US,2
S1-731843758,US,2
S1-595232468,US,1
S1-142353255,US,1
S1-232387895,US,5
S1-272632223,US,4
S1-243689902,US,5
S1-935350048,US,4
S1-697234191,US,3
S1-335580173,US,4
S1-195397689,US,4
S1-205801657,US,2
S1-143849948,US,3
S1-19963094,US,6
S1-566714009,US,3
S1-289437014,US,3
S1-474544089,US,4
S1-887331976,US,5
S1-209683422,US,2
S1-153379057,US,4
S1-396351,US,3
S1-86818335,US,4
S1-56160758,US,5
S1-131034098,US,3
S1-183996974,US,4
S1-363912292,US,5
S1-755473261,US,4
S1-223576672,US,2
S1-115891625,US,3
S1-254471109,US,6
S1-509924447,US,6
S1-499325033,US,6
S1-516309642,US,4
S1-998477793,US,5
S1-719501149,US,4
S1-239839688,US,4
S1-637709496,US,7
S1-777893476,US,4
S1-553165312,US,3
S1-939096566,US,4
S1-221477125,US,4
S1-91437145,US,3
S1-821723702,US,6
S1-365645792,US,2
S1-751658455,US,3
S1-378332689,US,3
S1-168660969,US,3
S1-761238301,US,6
S1-577701665,US,3
S1-51625054,US,2
S1-937925508,US,3
S1-786722091,US,3
S1-974551977,US,2
S1-638213909,US,2
S1-1308222,US,2
S1-327168277,US,4
S1-137468397,US,2
S1-775411852,US,5
S1-198451132,US,2
S1-541341452,US,3
S1-385493205,US,6
S1-422532879,US,3
S1-609834184,US,1
S1-613660827,US,4
S1-663103892,US,2
S1-167105794,US,4
S1-289680295,US,4
S1-693603708,US,6
S1-546968848,US,4
S1-471766031,US,2
S1-636941196,US,5
S1-632304933,US,7
S1-336042628,US,3
S1-308010583,US,4
S1-415831445,US,6
S1-945640124,US,5
S1-450883292,US,3
S1-374752735,US,2
S1-813444299,US,3
S1-376332215,US,5
S1-169104020,US,3
S1-401168533,US,3
S1-436565321,US,2
S1-29282621,US,3
S1-954163647,US,1
S1-553518983,US,5
S1-982150522,US,3
S1-723091243,US,1
S1-998575525,US,4
S1-465318990,US,4
S1-961231982,US,4
S1-546695683,US,6
S1-961832359,US,6
S1-339799692,US,3
