table,metric,value
train_source1,rows,340.0
train_source1,unique_entity_ids,340.0
train_source1,duplicate_entity_id_rows,0.0
train_source1,n_countries_distinct_raw,2.0
train_source1,country_count::India,180.0
train_source1,country_pct::India,0.529412
train_source1,country_count::US,160.0
train_source1,country_pct::US,0.470588
train_source1,missing_country_n,0.0
train_source1,missing_country_rate,0.0
train_source1,missing_name_n,0.0
train_source1,missing_name_rate,0.0
train_source1,empty_string_name_n,0.0
train_source1,name_len_mean,18.294
train_source1,name_len_p10,13.0
train_source1,name_len_p25,15.0
train_source1,name_len_median,18.0
train_source1,name_len_p75,21.0
train_source1,name_len_p90,25.0
train_source1,name_len_p99,28.61
train_source1,name_len_max,30.0
train_source1,missing_address_n,0.0
train_source1,missing_address_rate,0.0
train_source1,empty_string_address_n,0.0
train_source1,address_len_mean,30.744
train_source1,address_len_p10,27.0
train_source1,address_len_p25,29.0
train_source1,address_len_median,31.0
train_source1,address_len_p75,33.0
train_source1,address_len_p90,34.0
train_source1,address_len_p99,36.0
train_source1,address_len_max,37.0
train_source2,rows,339.0
train_source2,unique_entity_ids,339.0
train_source2,duplicate_entity_id_rows,0.0
train_source2,n_countries_distinct_raw,2.0
train_source2,country_count::India,189.0
train_source2,country_pct::India,0.557522
train_source2,country_count::US,150.0
train_source2,country_pct::US,0.442478
train_source2,missing_country_n,0.0
train_source2,missing_country_rate,0.0
train_source2,missing_name_n,0.0
train_source2,missing_name_rate,0.0
train_source2,empty_string_name_n,0.0
train_source2,name_len_mean,19.05
train_source2,name_len_p10,14.0
train_source2,name_len_p25,15.0
train_source2,name_len_median,18.0
train_source2,name_len_p75,22.0
train_source2,name_len_p90,26.0
train_source2,name_len_p99,31.0
train_source2,name_len_max,35.0
train_source2,missing_address_n,0.0
train_source2,missing_address_rate,0.0
train_source2,empty_string_address_n,0.0
train_source2,address_len_mean,30.858
train_source2,address_len_p10,27.0
train_source2,address_len_p25,29.0
train_source2,address_len_median,31.0
train_source2,address_len_p75,33.0
train_source2,address_len_p90,34.0
train_source2,address_len_p99,37.0
train_source2,address_len_max,37.0
train_source3,rows,274.0
train_source3,unique_entity_ids,274.0
train_source3,duplicate_entity_id_rows,0.0
train_source3,n_countries_distinct_raw,2.0
train_source3,country_count::US,144.0
train_source3,country_pct::US,0.525547
train_source3,country_count::India,130.0
train_source3,country_pct::India,0.474453
train_source3,missing_country_n,0.0
train_source3,missing_country_rate,0.0
train_source3,missing_name_n,0.0
train_source3,missing_name_rate,0.0
train_source3,empty_string_name_n,0.0
train_source3,name_len_mean,17.891
train_source3,name_len_p10,13.0
train_source3,name_len_p25,15.0
train_source3,name_len_median,18.0
train_source3,name_len_p75,20.0
train_source3,name_len_p90,24.0
train_source3,name_len_p99,28.0
train_source3,name_len_max,30.0
train_source3,missing_address_n,0.0
train_source3,missing_address_rate,0.0
train_source3,empty_string_address_n,0.0
train_source3,address_len_mean,30.737
train_source3,address_len_p10,27.0
train_source3,address_len_p25,29.0
train_source3,address_len_median,31.0
train_source3,address_len_p75,33.0
train_source3,address_len_p90,34.0
train_source3,address_len_p99,37.0
train_source3,address_len_max,37.0
test_source1,rows,120.0
test_source1,unique_entity_ids,120.0
test_source1,duplicate_entity_id_rows,0.0
test_source1,n_countries_distinct_raw,3.0
test_source1,country_count::US,42.0
test_source1,country_pct::US,0.35
test_source1,country_count::France,40.0
test_source1,country_pct::France,0.333333
test_source1,country_count::India,38.0
test_source1,country_pct::India,0.316667
test_source1,missing_country_n,0.0
test_source1,missing_country_rate,0.0
test_source1,missing_name_n,0.0
test_source1,missing_name_rate,0.0
test_source1,empty_string_name_n,0.0
test_source1,name_len_mean,18.375
test_source1,name_len_p10,13.0
test_source1,name_len_p25,15.0
test_source1,name_len_median,18.0
test_source1,name_len_p75,21.25
test_source1,name_len_p90,25.0
test_source1,name_len_p99,28.0
test_source1,name_len_max,28.0
test_source1,missing_address_n,0.0
test_source1,missing_address_rate,0.0
test_source1,empty_string_address_n,0.0
test_source1,address_len_mean,30.275
test_source1,address_len_p10,27.0
test_source1,address_len_p25,29.0
test_source1,address_len_median,30.0
test_source1,address_len_p75,32.0
test_source1,address_len_p90,33.0
test_source1,address_len_p99,36.0
test_source1,address_len_max,36.0
test_source2,rows,100.0
test_source2,unique_entity_ids,100.0
test_source2,duplicate_entity_id_rows,0.0
test_source2,n_countries_distinct_raw,3.0
test_source2,country_count::India,40.0
test_source2,country_pct::India,0.4
test_source2,country_count::US,35.0
test_source2,country_pct::US,0.35
test_source2,country_count::France,25.0
test_source2,country_pct::France,0.25
test_source2,missing_country_n,0.0
test_source2,missing_country_rate,0.0
test_source2,missing_name_n,0.0
test_source2,missing_name_rate,0.0
test_source2,empty_string_name_n,0.0
test_source2,name_len_mean,19.1
test_source2,name_len_p10,14.0
test_source2,name_len_p25,16.0
test_source2,name_len_median,18.5
test_source2,name_len_p75,22.25
test_source2,name_len_p90,26.0
test_source2,name_len_p99,30.0
test_source2,name_len_max,30.0
test_source2,missing_address_n,0.0
test_source2,missing_address_rate,0.0
test_source2,empty_string_address_n,0.0
test_source2,address_len_mean,30.72
test_source2,address_len_p10,27.9
test_source2,address_len_p25,29.0
test_source2,address_len_median,31.0
test_source2,address_len_p75,32.25
test_source2,address_len_p90,34.0
test_source2,address_len_p99,36.01
test_source2,address_len_max,37.0
test_source3,rows,100.0
test_source3,unique_entity_ids,100.0
test_source3,duplicate_entity_id_rows,0.0
test_source3,n_countries_distinct_raw,3.0
test_source3,country_count::India,41.0
test_source3,country_pct::India,0.41
test_source3,country_count::US,39.0
test_source3,country_pct::US,0.39
test_source3,country_count::France,20.0
test_source3,country_pct::France,0.2
test_source3,missing_country_n,0.0
test_source3,missing_country_rate,0.0
test_source3,missing_name_n,0.0
test_source3,missing_name_rate,0.0
test_source3,empty_string_name_n,0.0
test_source3,name_len_mean,18.02
test_source3,name_len_p10,13.0
test_source3,name_len_p25,15.0
test_source3,name_len_median,17.0
test_source3,name_len_p75,20.0
test_source3,name_len_p90,24.1
test_source3,name_len_p99,30.01
test_source3,name_len_max,31.0
test_source3,missing_address_n,0.0
test_source3,missing_address_rate,0.0
test_source3,empty_string_address_n,0.0
test_source3,address_len_mean,30.53
test_source3,address_len_p10,26.0
test_source3,address_len_p25,29.0
test_source3,address_len_median,31.0
test_source3,address_len_p75,33.0
test_source3,address_len_p90,34.0
test_source3,address_len_p99,37.0
test_source3,address_len_max,37.0
