breakdown,feature,n,mean,p10,p50,p90,rate_eq_1,source_pair,s1_country,addr_missing_bucket,name_exact_bucket,s1_match_bucket
overall,name_exact,313,0.7699680511182109,0.0,1.0,1.0,0.7699680511182109,,,,,
overall,name_ratio,313,0.981294524062886,0.9341666666666666,1.0,1.0,0.7699680511182109,,,,,
overall,name_token_set,313,0.9798910558746059,0.9333333333333332,1.0,1.0,0.7699680511182109,,,,,
overall,name_wratio,313,0.981651826561443,0.9341666666666666,1.0,1.0,0.7699680511182109,,,,,
overall,name_jaro_winkler,313,0.9888842976509207,0.9518921308576481,1.0,1.0,0.7699680511182109,,,,,
overall,name_len_s1,313,18.230031948881788,13.0,18.0,25.0,0.0,,,,,
overall,name_len_cand,313,17.894568690095845,13.0,18.0,24.0,0.0,,,,,
overall,name_len_ratio,313,0.9868743422450594,1.0,1.0,1.0,0.952076677316294,,,,,
overall,name_sorted_token_equal,313,0.7699680511182109,0.0,1.0,1.0,0.7699680511182109,,,,,
overall,addr_exact,313,0.7539936102236422,0.0,1.0,1.0,0.7539936102236422,,,,,
overall,addr_ratio,313,0.9922467323653859,0.9666666666666667,1.0,1.0,0.7539936102236422,,,,,
overall,addr_token_jaccard,313,0.9224922663421067,0.6666666666666666,1.0,1.0,0.7539936102236422,,,,,
overall,addr_containment_s1_in_cand,313,0.9523923626958772,0.8,1.0,1.0,0.7539936102236422,,,,,
overall,addr_containment_cand_in_s1,313,0.9551156245245701,0.8,1.0,1.0,0.7539936102236422,,,,,
overall,addr_len_ratio,313,0.9989584848347334,1.0,1.0,1.0,0.9680511182108626,,,,,
overall,country_equal,313,1.0,1.0,1.0,1.0,1.0,,,,,
overall,s1_name_missing,313,0.0,0.0,0.0,0.0,0.0,,,,,
overall,cand_name_missing,313,0.0,0.0,0.0,0.0,0.0,,,,,
overall,s1_addr_missing,313,0.0,0.0,0.0,0.0,0.0,,,,,
overall,cand_addr_missing,313,0.0,0.0,0.0,0.0,0.0,,,,,
overall,either_addr_missing,313,0.0,0.0,0.0,0.0,0.0,,,,,
overall,numeric_exact_set,313,0.9137380191693291,1.0,1.0,1.0,0.9137380191693291,,,,,
overall,numeric_any_overlap,313,1.0,1.0,1.0,1.0,1.0,,,,,
overall,numeric_conflict,313,0.0,0.0,0.0,0.0,0.0,,,,,
overall,numeric_one_side_missing,313,0.0,0.0,0.0,0.0,0.0,,,,,
overall,numeric_both_missing,313,0.0,0.0,0.0,0.0,0.0,,,,,
overall,numeric_jaccard,313,0.9478168264110755,1.0,1.0,1.0,0.9137380191693291,,,,,
overall,postcode_any_overlap,313,0.9488817891373802,1.0,1.0,1.0,0.9488817891373802,,,,,
overall,postcode_both_present,313,0.9488817891373802,1.0,1.0,1.0,0.9488817891373802,,,,,
overall,house_number_agree,313,0.9616613418530351,1.0,1.0,1.0,0.9616613418530351,,,,,
source_pair,name_exact,159,0.7610062893081762,0.0,1.0,1.0,0.7610062893081762,S1_S2,,,,
source_pair,name_ratio,159,0.9815829743221678,0.9333333333333332,1.0,1.0,0.7610062893081762,S1_S2,,,,
source_pair,name_token_set,159,0.9794206478423072,0.9333333333333332,1.0,1.0,0.7610062893081762,S1_S2,,,,
source_pair,name_wratio,159,0.9822482263724058,0.9333333333333332,1.0,1.0,0.7610062893081762,S1_S2,,,,
source_pair,name_jaro_winkler,159,0.9894438759557405,0.9523961096374889,1.0,1.0,0.7610062893081762,S1_S2,,,,
source_pair,name_len_s1,159,18.547169811320753,13.0,18.0,26.0,0.0,S1_S2,,,,
source_pair,name_len_cand,159,18.28301886792453,13.0,18.0,26.0,0.0,S1_S2,,,,
source_pair,name_len_ratio,159,0.9895871788075215,1.0,1.0,1.0,0.9622641509433962,S1_S2,,,,
source_pair,name_sorted_token_equal,159,0.7610062893081762,0.0,1.0,1.0,0.7610062893081762,S1_S2,,,,
source_pair,addr_exact,159,0.7735849056603774,0.0,1.0,1.0,0.7735849056603774,S1_S2,,,,
source_pair,addr_ratio,159,0.9929476791257776,0.9666666666666667,1.0,1.0,0.7735849056603774,S1_S2,,,,
source_pair,addr_token_jaccard,159,0.9280348407706895,0.6666666666666666,1.0,1.0,0.7735849056603774,S1_S2,,,,
source_pair,addr_containment_s1_in_cand,159,0.9556978137166816,0.8,1.0,1.0,0.7735849056603774,S1_S2,,,,
source_pair,addr_containment_cand_in_s1,159,0.9583333333333334,0.8,1.0,1.0,0.7735849056603774,S1_S2,,,,
source_pair,addr_len_ratio,159,0.9987986082262306,1.0,1.0,1.0,0.9622641509433962,S1_S2,,,,
source_pair,country_equal,159,1.0,1.0,1.0,1.0,1.0,S1_S2,,,,
source_pair,s1_name_missing,159,0.0,0.0,0.0,0.0,0.0,S1_S2,,,,
source_pair,cand_name_missing,159,0.0,0.0,0.0,0.0,0.0,S1_S2,,,,
source_pair,s1_addr_missing,159,0.0,0.0,0.0,0.0,0.0,S1_S2,,,,
source_pair,cand_addr_missing,159,0.0,0.0,0.0,0.0,0.0,S1_S2,,,,
source_pair,either_addr_missing,159,0.0,0.0,0.0,0.0,0.0,S1_S2,,,,
source_pair,numeric_exact_set,159,0.9182389937106918,1.0,1.0,1.0,0.9182389937106918,S1_S2,,,,
source_pair,numeric_any_overlap,159,1.0,1.0,1.0,1.0,1.0,S1_S2,,,,
source_pair,numeric_conflict,159,0.0,0.0,0.0,0.0,0.0,S1_S2,,,,
source_pair,numeric_one_side_missing,159,0.0,0.0,0.0,0.0,0.0,S1_S2,,,,
source_pair,numeric_both_missing,159,0.0,0.0,0.0,0.0,0.0,S1_S2,,,,
source_pair,numeric_jaccard,159,0.9475890985324947,1.0,1.0,1.0,0.9182389937106918,S1_S2,,,,
source_pair,postcode_any_overlap,159,0.949685534591195,1.0,1.0,1.0,0.949685534591195,S1_S2,,,,
source_pair,postcode_both_present,159,0.949685534591195,1.0,1.0,1.0,0.949685534591195,S1_S2,,,,
source_pair,house_number_agree,159,0.9559748427672956,1.0,1.0,1.0,0.9559748427672956,S1_S2,,,,
source_pair,name_exact,154,0.7792207792207793,0.0,1.0,1.0,0.7792207792207793,S1_S3,,,,
source_pair,name_ratio,154,0.9809967085354454,0.9375,1.0,1.0,0.7792207792207793,S1_S3,,,,
source_pair,name_token_set,154,0.9803767368949664,0.9345833333333333,1.0,1.0,0.7792207792207793,S1_S3,,,,
source_pair,name_wratio,154,0.9810360631202545,0.9375,1.0,1.0,0.7792207792207793,S1_S3,,,,
source_pair,name_jaro_winkler,154,0.9883065512193211,0.9483076923076923,1.0,1.0,0.7792207792207793,S1_S3,,,,
source_pair,name_len_s1,154,17.9025974025974,13.0,17.5,24.700000000000017,0.0,S1_S3,,,,
source_pair,name_len_cand,154,17.493506493506494,13.0,17.0,23.0,0.0,S1_S3,,,,
source_pair,name_len_ratio,154,0.9840734265734266,1.0,1.0,1.0,0.9415584415584416,S1_S3,,,,
source_pair,name_sorted_token_equal,154,0.7792207792207793,0.0,1.0,1.0,0.7792207792207793,S1_S3,,,,
source_pair,addr_exact,154,0.7337662337662337,0.0,1.0,1.0,0.7337662337662337,S1_S3,,,,
source_pair,addr_ratio,154,0.9915230275932929,0.9666666666666667,1.0,1.0,0.7337662337662337,S1_S3,,,,
source_pair,addr_token_jaccard,154,0.9167697381983098,0.6666666666666666,1.0,1.0,0.7337662337662337,S1_S3,,,,
source_pair,addr_containment_s1_in_cand,154,0.9489795918367346,0.8,1.0,1.0,0.7337662337662337,S1_S3,,,,
source_pair,addr_containment_cand_in_s1,154,0.9517934446505875,0.8,1.0,1.0,0.7337662337662337,S1_S3,,,,
source_pair,addr_len_ratio,154,0.9991235522422135,1.0,1.0,1.0,0.974025974025974,S1_S3,,,,
source_pair,country_equal,154,1.0,1.0,1.0,1.0,1.0,S1_S3,,,,
source_pair,s1_name_missing,154,0.0,0.0,0.0,0.0,0.0,S1_S3,,,,
source_pair,cand_name_missing,154,0.0,0.0,0.0,0.0,0.0,S1_S3,,,,
source_pair,s1_addr_missing,154,0.0,0.0,0.0,0.0,0.0,S1_S3,,,,
source_pair,cand_addr_missing,154,0.0,0.0,0.0,0.0,0.0,S1_S3,,,,
source_pair,either_addr_missing,154,0.0,0.0,0.0,0.0,0.0,S1_S3,,,,
source_pair,numeric_exact_set,154,0.9090909090909091,1.0,1.0,1.0,0.9090909090909091,S1_S3,,,,
source_pair,numeric_any_overlap,154,1.0,1.0,1.0,1.0,1.0,S1_S3,,,,
source_pair,numeric_conflict,154,0.0,0.0,0.0,0.0,0.0,S1_S3,,,,
source_pair,numeric_one_side_missing,154,0.0,0.0,0.0,0.0,0.0,S1_S3,,,,
source_pair,numeric_both_missing,154,0.0,0.0,0.0,0.0,0.0,S1_S3,,,,
source_pair,numeric_jaccard,154,0.948051948051948,1.0,1.0,1.0,0.9090909090909091,S1_S3,,,,
source_pair,postcode_any_overlap,154,0.948051948051948,1.0,1.0,1.0,0.948051948051948,S1_S3,,,,
source_pair,postcode_both_present,154,0.948051948051948,1.0,1.0,1.0,0.948051948051948,S1_S3,,,,
source_pair,house_number_agree,154,0.9675324675324676,1.0,1.0,1.0,0.9675324675324676,S1_S3,,,,
s1_country,name_exact,142,0.8309859154929577,0.0,1.0,1.0,0.8309859154929577,,India,,,
s1_country,name_ratio,142,0.9859976027391074,0.9415032679738561,1.0,1.0,0.8309859154929577,,India,,,
s1_country,name_token_set,142,0.9864218792197218,0.9415032679738563,1.0,1.0,0.8309859154929577,,India,,,
s1_country,name_wratio,142,0.9860402830634778,0.9415032679738561,1.0,1.0,0.8309859154929577,,India,,,
s1_country,name_jaro_winkler,142,0.9937963895062837,0.9741666666666667,1.0,1.0,0.8309859154929577,,India,,,
s1_country,name_len_s1,142,17.676056338028168,13.0,17.5,24.0,0.0,,India,,,
s1_country,name_len_cand,142,17.429577464788732,13.0,17.0,21.0,0.0,,India,,,
s1_country,name_len_ratio,142,0.9903394727338388,1.0,1.0,1.0,0.9647887323943662,,India,,,
s1_country,name_sorted_token_equal,142,0.8309859154929577,0.0,1.0,1.0,0.8309859154929577,,India,,,
s1_country,addr_exact,142,0.7816901408450704,0.0,1.0,1.0,0.7816901408450704,,India,,,
s1_country,addr_ratio,142,0.9929225953649514,0.9666666666666667,1.0,1.0,0.7816901408450704,,India,,,
s1_country,addr_token_jaccard,142,0.9305835010060362,0.6666666666666666,1.0,1.0,0.7816901408450704,,India,,,
s1_country,addr_containment_s1_in_cand,142,0.9574446680080483,0.8,1.0,1.0,0.7816901408450704,,India,,,
s1_country,addr_containment_cand_in_s1,142,0.9595573440643864,0.8,1.0,1.0,0.7816901408450704,,India,,,
s1_country,addr_len_ratio,142,0.999328786959801,1.0,1.0,1.0,0.9788732394366197,,India,,,
s1_country,country_equal,142,1.0,1.0,1.0,1.0,1.0,,India,,,
s1_country,s1_name_missing,142,0.0,0.0,0.0,0.0,0.0,,India,,,
s1_country,cand_name_missing,142,0.0,0.0,0.0,0.0,0.0,,India,,,
s1_country,s1_addr_missing,142,0.0,0.0,0.0,0.0,0.0,,India,,,
s1_country,cand_addr_missing,142,0.0,0.0,0.0,0.0,0.0,,India,,,
s1_country,either_addr_missing,142,0.0,0.0,0.0,0.0,0.0,,India,,,
s1_country,numeric_exact_set,142,0.9225352112676056,1.0,1.0,1.0,0.9225352112676056,,India,,,
s1_country,numeric_any_overlap,142,1.0,1.0,1.0,1.0,1.0,,India,,,
s1_country,numeric_conflict,142,0.0,0.0,0.0,0.0,0.0,,India,,,
s1_country,numeric_one_side_missing,142,0.0,0.0,0.0,0.0,0.0,,India,,,
s1_country,numeric_both_missing,142,0.0,0.0,0.0,0.0,0.0,,India,,,
s1_country,numeric_jaccard,142,0.9565727699530515,1.0,1.0,1.0,0.9225352112676056,,India,,,
s1_country,postcode_any_overlap,142,0.9788732394366197,1.0,1.0,1.0,0.9788732394366197,,India,,,
s1_country,postcode_both_present,142,0.9788732394366197,1.0,1.0,1.0,0.9788732394366197,,India,,,
s1_country,house_number_agree,142,0.9647887323943662,1.0,1.0,1.0,0.9647887323943662,,India,,,
s1_country,name_exact,171,0.7192982456140351,0.0,1.0,1.0,0.7192982456140351,,US,,,
s1_country,name_ratio,171,0.9773890435247371,0.9285714285714286,1.0,1.0,0.7192982456140351,,US,,,
s1_country,name_token_set,171,0.9744677990617026,0.9285714285714286,1.0,1.0,0.7192982456140351,,US,,,
s1_country,name_wratio,171,0.9780076112205723,0.9285714285714286,1.0,1.0,0.7192982456140351,,US,,,
s1_country,name_jaro_winkler,171,0.9848052506131342,0.9393939393939394,1.0,1.0,0.7192982456140351,,US,,,
s1_country,name_len_s1,171,18.690058479532162,13.0,18.0,26.0,0.0,,US,,,
s1_country,name_len_cand,171,18.280701754385966,13.0,18.0,25.0,0.0,,US,,,
s1_country,name_len_ratio,171,0.9839968654649033,1.0,1.0,1.0,0.9415204678362573,,US,,,
s1_country,name_sorted_token_equal,171,0.7192982456140351,0.0,1.0,1.0,0.7192982456140351,,US,,,
s1_country,addr_exact,171,0.7309941520467836,0.0,1.0,1.0,0.7309941520467836,,US,,,
s1_country,addr_ratio,171,0.9916854894066823,0.9655172413793103,1.0,1.0,0.7309941520467836,,US,,,
s1_country,addr_token_jaccard,171,0.9157732293697206,0.6666666666666666,1.0,1.0,0.7309941520467836,,US,,,
s1_country,addr_containment_s1_in_cand,171,0.9481968810916178,0.8,1.0,1.0,0.7309941520467836,,US,,,
s1_country,addr_containment_cand_in_s1,171,0.951427179058758,0.8,1.0,1.0,0.7309941520467836,,US,,,
s1_country,addr_len_ratio,171,0.9986509824852617,1.0,1.0,1.0,0.9590643274853801,,US,,,
s1_country,country_equal,171,1.0,1.0,1.0,1.0,1.0,,US,,,
s1_country,s1_name_missing,171,0.0,0.0,0.0,0.0,0.0,,US,,,
s1_country,cand_name_missing,171,0.0,0.0,0.0,0.0,0.0,,US,,,
s1_country,s1_addr_missing,171,0.0,0.0,0.0,0.0,0.0,,US,,,
s1_country,cand_addr_missing,171,0.0,0.0,0.0,0.0,0.0,,US,,,
s1_country,either_addr_missing,171,0.0,0.0,0.0,0.0,0.0,,US,,,
s1_country,numeric_exact_set,171,0.9064327485380117,1.0,1.0,1.0,0.9064327485380117,,US,,,
s1_country,numeric_any_overlap,171,1.0,1.0,1.0,1.0,1.0,,US,,,
s1_country,numeric_conflict,171,0.0,0.0,0.0,0.0,0.0,,US,,,
s1_country,numeric_one_side_missing,171,0.0,0.0,0.0,0.0,0.0,,US,,,
s1_country,numeric_both_missing,171,0.0,0.0,0.0,0.0,0.0,,US,,,
s1_country,numeric_jaccard,171,0.9405458089668615,1.0,1.0,1.0,0.9064327485380117,,US,,,
s1_country,postcode_any_overlap,171,0.9239766081871345,1.0,1.0,1.0,0.9239766081871345,,US,,,
s1_country,postcode_both_present,171,0.9239766081871345,1.0,1.0,1.0,0.9239766081871345,,US,,,
s1_country,house_number_agree,171,0.9590643274853801,1.0,1.0,1.0,0.9590643274853801,,US,,,
addr_missing,name_exact,313,0.7699680511182109,0.0,1.0,1.0,0.7699680511182109,,,both_present,,
addr_missing,name_ratio,313,0.981294524062886,0.9341666666666666,1.0,1.0,0.7699680511182109,,,both_present,,
addr_missing,name_token_set,313,0.9798910558746059,0.9333333333333332,1.0,1.0,0.7699680511182109,,,both_present,,
addr_missing,name_wratio,313,0.981651826561443,0.9341666666666666,1.0,1.0,0.7699680511182109,,,both_present,,
addr_missing,name_jaro_winkler,313,0.9888842976509207,0.9518921308576481,1.0,1.0,0.7699680511182109,,,both_present,,
addr_missing,name_len_s1,313,18.230031948881788,13.0,18.0,25.0,0.0,,,both_present,,
addr_missing,name_len_cand,313,17.894568690095845,13.0,18.0,24.0,0.0,,,both_present,,
addr_missing,name_len_ratio,313,0.9868743422450594,1.0,1.0,1.0,0.952076677316294,,,both_present,,
addr_missing,name_sorted_token_equal,313,0.7699680511182109,0.0,1.0,1.0,0.7699680511182109,,,both_present,,
addr_missing,addr_exact,313,0.7539936102236422,0.0,1.0,1.0,0.7539936102236422,,,both_present,,
addr_missing,addr_ratio,313,0.9922467323653859,0.9666666666666667,1.0,1.0,0.7539936102236422,,,both_present,,
addr_missing,addr_token_jaccard,313,0.9224922663421067,0.6666666666666666,1.0,1.0,0.7539936102236422,,,both_present,,
addr_missing,addr_containment_s1_in_cand,313,0.9523923626958772,0.8,1.0,1.0,0.7539936102236422,,,both_present,,
addr_missing,addr_containment_cand_in_s1,313,0.9551156245245701,0.8,1.0,1.0,0.7539936102236422,,,both_present,,
addr_missing,addr_len_ratio,313,0.9989584848347334,1.0,1.0,1.0,0.9680511182108626,,,both_present,,
addr_missing,country_equal,313,1.0,1.0,1.0,1.0,1.0,,,both_present,,
addr_missing,s1_name_missing,313,0.0,0.0,0.0,0.0,0.0,,,both_present,,
addr_missing,cand_name_missing,313,0.0,0.0,0.0,0.0,0.0,,,both_present,,
addr_missing,s1_addr_missing,313,0.0,0.0,0.0,0.0,0.0,,,both_present,,
addr_missing,cand_addr_missing,313,0.0,0.0,0.0,0.0,0.0,,,both_present,,
addr_missing,either_addr_missing,313,0.0,0.0,0.0,0.0,0.0,,,both_present,,
addr_missing,numeric_exact_set,313,0.9137380191693291,1.0,1.0,1.0,0.9137380191693291,,,both_present,,
addr_missing,numeric_any_overlap,313,1.0,1.0,1.0,1.0,1.0,,,both_present,,
addr_missing,numeric_conflict,313,0.0,0.0,0.0,0.0,0.0,,,both_present,,
addr_missing,numeric_one_side_missing,313,0.0,0.0,0.0,0.0,0.0,,,both_present,,
addr_missing,numeric_both_missing,313,0.0,0.0,0.0,0.0,0.0,,,both_present,,
addr_missing,numeric_jaccard,313,0.9478168264110755,1.0,1.0,1.0,0.9137380191693291,,,both_present,,
addr_missing,postcode_any_overlap,313,0.9488817891373802,1.0,1.0,1.0,0.9488817891373802,,,both_present,,
addr_missing,postcode_both_present,313,0.9488817891373802,1.0,1.0,1.0,0.9488817891373802,,,both_present,,
addr_missing,house_number_agree,313,0.9616613418530351,1.0,1.0,1.0,0.9616613418530351,,,both_present,,
name_exact,name_exact,241,1.0,1.0,1.0,1.0,1.0,,,,exact_name,
name_exact,name_ratio,241,1.0,1.0,1.0,1.0,1.0,,,,exact_name,
name_exact,name_token_set,241,1.0,1.0,1.0,1.0,1.0,,,,exact_name,
name_exact,name_wratio,241,1.0,1.0,1.0,1.0,1.0,,,,exact_name,
name_exact,name_jaro_winkler,241,1.0,1.0,1.0,1.0,1.0,,,,exact_name,
name_exact,name_len_s1,241,17.842323651452283,13.0,17.0,24.0,0.0,,,,exact_name,
name_exact,name_len_cand,241,17.842323651452283,13.0,17.0,24.0,0.0,,,,exact_name,
name_exact,name_len_ratio,241,1.0,1.0,1.0,1.0,1.0,,,,exact_name,
name_exact,name_sorted_token_equal,241,1.0,1.0,1.0,1.0,1.0,,,,exact_name,
name_exact,addr_exact,241,0.7510373443983402,0.0,1.0,1.0,0.7510373443983402,,,,exact_name,
name_exact,addr_ratio,241,0.9921341584881402,0.9666666666666667,1.0,1.0,0.7510373443983402,,,,exact_name,
name_exact,addr_token_jaccard,241,0.9218122241981163,0.6666666666666666,1.0,1.0,0.7510373443983402,,,,exact_name,
name_exact,addr_containment_s1_in_cand,241,0.9521981821774353,0.8,1.0,1.0,0.7510373443983402,,,,exact_name,
name_exact,addr_containment_cand_in_s1,241,0.954559375617467,0.8,1.0,1.0,0.7510373443983402,,,,exact_name,
name_exact,addr_len_ratio,241,0.9990731709052201,1.0,1.0,1.0,0.970954356846473,,,,exact_name,
name_exact,country_equal,241,1.0,1.0,1.0,1.0,1.0,,,,exact_name,
name_exact,s1_name_missing,241,0.0,0.0,0.0,0.0,0.0,,,,exact_name,
name_exact,cand_name_missing,241,0.0,0.0,0.0,0.0,0.0,,,,exact_name,
name_exact,s1_addr_missing,241,0.0,0.0,0.0,0.0,0.0,,,,exact_name,
name_exact,cand_addr_missing,241,0.0,0.0,0.0,0.0,0.0,,,,exact_name,
name_exact,either_addr_missing,241,0.0,0.0,0.0,0.0,0.0,,,,exact_name,
name_exact,numeric_exact_set,241,0.9128630705394191,1.0,1.0,1.0,0.9128630705394191,,,,exact_name,
name_exact,numeric_any_overlap,241,1.0,1.0,1.0,1.0,1.0,,,,exact_name,
name_exact,numeric_conflict,241,0.0,0.0,0.0,0.0,0.0,,,,exact_name,
name_exact,numeric_one_side_missing,241,0.0,0.0,0.0,0.0,0.0,,,,exact_name,
name_exact,numeric_both_missing,241,0.0,0.0,0.0,0.0,0.0,,,,exact_name,
name_exact,numeric_jaccard,241,0.9467496542185339,1.0,1.0,1.0,0.9128630705394191,,,,exact_name,
name_exact,postcode_any_overlap,241,0.9377593360995851,1.0,1.0,1.0,0.9377593360995851,,,,exact_name,
name_exact,postcode_both_present,241,0.9377593360995851,1.0,1.0,1.0,0.9377593360995851,,,,exact_name,
name_exact,house_number_agree,241,0.966804979253112,1.0,1.0,1.0,0.966804979253112,,,,exact_name,
name_exact,name_exact,72,0.0,0.0,0.0,0.0,0.0,,,,non_exact_name,
name_exact,name_ratio,72,0.9186831393289344,0.8372093023255813,0.9375,0.9583333333333335,0.0,,,,non_exact_name,
name_exact,name_token_set,72,0.9125819512326618,0.8387096774193549,0.9375,0.9583333333333333,0.0,,,,non_exact_name,
name_exact,name_wratio,72,0.9202364126907183,0.8372093023255813,0.9375,0.9583333333333335,0.0,,,,non_exact_name,
name_exact,name_jaro_winkler,72,0.9516775717324748,0.9157593073593073,0.956043956043956,0.9798947368421053,0.0,,,,non_exact_name,
name_exact,name_len_s1,72,19.52777777777778,14.0,18.0,26.0,0.0,,,,non_exact_name,
name_exact,name_len_cand,72,18.069444444444443,14.0,18.0,24.0,0.0,,,,non_exact_name,
name_exact,name_len_ratio,72,0.9429398489264389,0.7210769230769231,1.0,1.0,0.7916666666666666,,,,non_exact_name,
name_exact,name_sorted_token_equal,72,0.0,0.0,0.0,0.0,0.0,,,,non_exact_name,
name_exact,addr_exact,72,0.7638888888888888,0.0,1.0,1.0,0.7638888888888888,,,,non_exact_name,
name_exact,addr_ratio,72,0.9926235421489437,0.9667741935483871,1.0,1.0,0.7638888888888888,,,,non_exact_name,
name_exact,addr_token_jaccard,72,0.9247685185185186,0.6666666666666666,1.0,1.0,0.7638888888888888,,,,non_exact_name,
name_exact,addr_containment_s1_in_cand,72,0.953042328042328,0.8,1.0,1.0,0.7638888888888888,,,,non_exact_name,
name_exact,addr_containment_cand_in_s1,72,0.9569775132275132,0.8,1.0,1.0,0.7638888888888888,,,,non_exact_name,
name_exact,addr_len_ratio,72,0.9985746050710209,1.0,1.0,1.0,0.9583333333333334,,,,non_exact_name,
name_exact,country_equal,72,1.0,1.0,1.0,1.0,1.0,,,,non_exact_name,
name_exact,s1_name_missing,72,0.0,0.0,0.0,0.0,0.0,,,,non_exact_name,
name_exact,cand_name_missing,72,0.0,0.0,0.0,0.0,0.0,,,,non_exact_name,
name_exact,s1_addr_missing,72,0.0,0.0,0.0,0.0,0.0,,,,non_exact_name,
name_exact,cand_addr_missing,72,0.0,0.0,0.0,0.0,0.0,,,,non_exact_name,
name_exact,either_addr_missing,72,0.0,0.0,0.0,0.0,0.0,,,,non_exact_name,
name_exact,numeric_exact_set,72,0.9166666666666666,1.0,1.0,1.0,0.9166666666666666,,,,non_exact_name,
name_exact,numeric_any_overlap,72,1.0,1.0,1.0,1.0,1.0,,,,non_exact_name,
name_exact,numeric_conflict,72,0.0,0.0,0.0,0.0,0.0,,,,non_exact_name,
name_exact,numeric_one_side_missing,72,0.0,0.0,0.0,0.0,0.0,,,,non_exact_name,
name_exact,numeric_both_missing,72,0.0,0.0,0.0,0.0,0.0,,,,non_exact_name,
name_exact,numeric_jaccard,72,0.9513888888888888,1.0,1.0,1.0,0.9166666666666666,,,,non_exact_name,
name_exact,postcode_any_overlap,72,0.9861111111111112,1.0,1.0,1.0,0.9861111111111112,,,,non_exact_name,
name_exact,postcode_both_present,72,0.9861111111111112,1.0,1.0,1.0,0.9861111111111112,,,,non_exact_name,
name_exact,house_number_agree,72,0.9444444444444444,1.0,1.0,1.0,0.9444444444444444,,,,non_exact_name,
s1_match_count,name_exact,114,0.7456140350877193,0.0,1.0,1.0,0.7456140350877193,,,,,1
s1_match_count,name_ratio,114,0.9800368137130276,0.9375,1.0,1.0,0.7456140350877193,,,,,1
s1_match_count,name_token_set,114,0.9806355626617123,0.9375,1.0,1.0,0.7456140350877193,,,,,1
s1_match_count,name_wratio,114,0.9800899769240855,0.9375,1.0,1.0,0.7456140350877193,,,,,1
s1_match_count,name_jaro_winkler,114,0.9868947585622216,0.9453454545454545,1.0,1.0,0.7456140350877193,,,,,1
s1_match_count,name_len_s1,114,17.95614035087719,13.0,17.5,24.0,0.0,,,,,1
s1_match_count,name_len_cand,114,17.587719298245613,13.0,17.0,23.0,0.0,,,,,1
s1_match_count,name_len_ratio,114,0.9858572215241908,1.0,1.0,1.0,0.9473684210526315,,,,,1
s1_match_count,name_sorted_token_equal,114,0.7456140350877193,0.0,1.0,1.0,0.7456140350877193,,,,,1
s1_match_count,addr_exact,114,0.7192982456140351,0.0,1.0,1.0,0.7192982456140351,,,,,1
s1_match_count,addr_ratio,114,0.9910838845584886,0.9666666666666667,1.0,1.0,0.7192982456140351,,,,,1
s1_match_count,addr_token_jaccard,114,0.9127680311890837,0.6666666666666666,1.0,1.0,0.7192982456140351,,,,,1
s1_match_count,addr_containment_s1_in_cand,114,0.9467209690893902,0.8,1.0,1.0,0.7192982456140351,,,,,1
s1_match_count,addr_containment_cand_in_s1,114,0.9493525480367585,0.8,1.0,1.0,0.7192982456140351,,,,,1
s1_match_count,addr_len_ratio,114,0.9988256277641535,1.0,1.0,1.0,0.9649122807017544,,,,,1
s1_match_count,country_equal,114,1.0,1.0,1.0,1.0,1.0,,,,,1
s1_match_count,s1_name_missing,114,0.0,0.0,0.0,0.0,0.0,,,,,1
s1_match_count,cand_name_missing,114,0.0,0.0,0.0,0.0,0.0,,,,,1
s1_match_count,s1_addr_missing,114,0.0,0.0,0.0,0.0,0.0,,,,,1
s1_match_count,cand_addr_missing,114,0.0,0.0,0.0,0.0,0.0,,,,,1
s1_match_count,either_addr_missing,114,0.0,0.0,0.0,0.0,0.0,,,,,1
s1_match_count,numeric_exact_set,114,0.8947368421052632,0.3000000000000007,1.0,1.0,0.8947368421052632,,,,,1
s1_match_count,numeric_any_overlap,114,1.0,1.0,1.0,1.0,1.0,,,,,1
s1_match_count,numeric_conflict,114,0.0,0.0,0.0,0.0,0.0,,,,,1
s1_match_count,numeric_one_side_missing,114,0.0,0.0,0.0,0.0,0.0,,,,,1
s1_match_count,numeric_both_missing,114,0.0,0.0,0.0,0.0,0.0,,,,,1
s1_match_count,numeric_jaccard,114,0.9342105263157894,0.6500000000000004,1.0,1.0,0.8947368421052632,,,,,1
s1_match_count,postcode_any_overlap,114,0.9298245614035088,1.0,1.0,1.0,0.9298245614035088,,,,,1
s1_match_count,postcode_both_present,114,0.9298245614035088,1.0,1.0,1.0,0.9298245614035088,,,,,1
s1_match_count,house_number_agree,114,0.9473684210526315,1.0,1.0,1.0,0.9473684210526315,,,,,1
s1_match_count,name_exact,199,0.7839195979899497,0.0,1.0,1.0,0.7839195979899497,,,,,2-3
s1_match_count,name_ratio,199,0.982015021449237,0.9333333333333332,1.0,1.0,0.7839195979899497,,,,,2-3
s1_match_count,name_token_set,199,0.9794645544990777,0.9333333333333332,1.0,1.0,0.7839195979899497,,,,,2-3
s1_match_count,name_wratio,199,0.9825465544944019,0.9333333333333332,1.0,1.0,0.7839195979899497,,,,,2-3
s1_match_count,name_jaro_winkler,199,0.990024033611281,0.956043956043956,1.0,1.0,0.7839195979899497,,,,,2-3
s1_match_count,name_len_s1,199,18.386934673366834,13.0,18.0,26.0,0.0,,,,,2-3
s1_match_count,name_len_cand,199,18.07035175879397,13.0,18.0,25.0,0.0,,,,,2-3
s1_match_count,name_len_ratio,199,0.9874570144168135,1.0,1.0,1.0,0.9547738693467337,,,,,2-3
s1_match_count,name_sorted_token_equal,199,0.7839195979899497,0.0,1.0,1.0,0.7839195979899497,,,,,2-3
s1_match_count,addr_exact,199,0.7738693467336684,0.0,1.0,1.0,0.7738693467336684,,,,,2-3
s1_match_count,addr_ratio,199,0.9929128863854173,0.9666666666666667,1.0,1.0,0.7738693467336684,,,,,2-3
s1_match_count,addr_token_jaccard,199,0.9280629337162,0.6666666666666666,1.0,1.0,0.7738693467336684,,,,,2-3
s1_match_count,addr_containment_s1_in_cand,199,0.9556413017468294,0.8,1.0,1.0,0.7738693467336684,,,,,2-3
s1_match_count,addr_containment_cand_in_s1,199,0.9584170854271358,0.8,1.0,1.0,0.7738693467336684,,,,,2-3
s1_match_count,addr_len_ratio,199,0.9990345939103419,1.0,1.0,1.0,0.9698492462311558,,,,,2-3
s1_match_count,country_equal,199,1.0,1.0,1.0,1.0,1.0,,,,,2-3
s1_match_count,s1_name_missing,199,0.0,0.0,0.0,0.0,0.0,,,,,2-3
s1_match_count,cand_name_missing,199,0.0,0.0,0.0,0.0,0.0,,,,,2-3
s1_match_count,s1_addr_missing,199,0.0,0.0,0.0,0.0,0.0,,,,,2-3
s1_match_count,cand_addr_missing,199,0.0,0.0,0.0,0.0,0.0,,,,,2-3
s1_match_count,either_addr_missing,199,0.0,0.0,0.0,0.0,0.0,,,,,2-3
s1_match_count,numeric_exact_set,199,0.9246231155778895,1.0,1.0,1.0,0.9246231155778895,,,,,2-3
s1_match_count,numeric_any_overlap,199,1.0,1.0,1.0,1.0,1.0,,,,,2-3
s1_match_count,numeric_conflict,199,0.0,0.0,0.0,0.0,0.0,,,,,2-3
s1_match_count,numeric_one_side_missing,199,0.0,0.0,0.0,0.0,0.0,,,,,2-3
s1_match_count,numeric_both_missing,199,0.0,0.0,0.0,0.0,0.0,,,,,2-3
s1_match_count,numeric_jaccard,199,0.9556113902847571,1.0,1.0,1.0,0.9246231155778895,,,,,2-3
s1_match_count,postcode_any_overlap,199,0.9597989949748744,1.0,1.0,1.0,0.9597989949748744,,,,,2-3
s1_match_count,postcode_both_present,199,0.9597989949748744,1.0,1.0,1.0,0.9597989949748744,,,,,2-3
s1_match_count,house_number_agree,199,0.9698492462311558,1.0,1.0,1.0,0.9698492462311558,,,,,2-3
source_pair_x_country,name_exact,68,0.7941176470588235,0.0,1.0,1.0,0.7941176470588235,S1_S2,India,,,
source_pair_x_country,name_ratio,68,0.984749209375663,0.9375,1.0,1.0,0.7941176470588235,S1_S2,India,,,
source_pair_x_country,name_token_set,68,0.9848627683127513,0.9375,1.0,1.0,0.7941176470588235,S1_S2,India,,,
source_pair_x_country,name_wratio,68,0.984749209375663,0.9375,1.0,1.0,0.7941176470588235,S1_S2,India,,,
source_pair_x_country,name_jaro_winkler,68,0.9929306480699668,0.9738518518518519,1.0,1.0,0.7941176470588235,S1_S2,India,,,
source_pair_x_country,name_len_s1,68,18.323529411764707,13.7,18.0,26.0,0.0,S1_S2,India,,,
source_pair_x_country,name_len_cand,68,18.11764705882353,13.7,18.0,24.60000000000001,0.0,S1_S2,India,,,
source_pair_x_country,name_len_ratio,68,0.9920343137254901,1.0,1.0,1.0,0.9705882352941176,S1_S2,India,,,
source_pair_x_country,name_sorted_token_equal,68,0.7941176470588235,0.0,1.0,1.0,0.7941176470588235,S1_S2,India,,,
source_pair_x_country,addr_exact,68,0.7941176470588235,0.0,1.0,1.0,0.7941176470588235,S1_S2,India,,,
source_pair_x_country,addr_ratio,68,0.9934625506222242,0.9674193548387097,1.0,1.0,0.7941176470588235,S1_S2,India,,,
source_pair_x_country,addr_token_jaccard,68,0.9345238095238094,0.6666666666666666,1.0,1.0,0.7941176470588235,S1_S2,India,,,
source_pair_x_country,addr_containment_s1_in_cand,68,0.9597338935574229,0.8,1.0,1.0,0.7941176470588235,S1_S2,India,,,
source_pair_x_country,addr_containment_cand_in_s1,68,0.9619397759103642,0.8,1.0,1.0,0.7941176470588235,S1_S2,India,,,
source_pair_x_country,addr_len_ratio,68,0.9991054486310654,1.0,1.0,1.0,0.9705882352941176,S1_S2,India,,,
source_pair_x_country,country_equal,68,1.0,1.0,1.0,1.0,1.0,S1_S2,India,,,
source_pair_x_country,s1_name_missing,68,0.0,0.0,0.0,0.0,0.0,S1_S2,India,,,
source_pair_x_country,cand_name_missing,68,0.0,0.0,0.0,0.0,0.0,S1_S2,India,,,
source_pair_x_country,s1_addr_missing,68,0.0,0.0,0.0,0.0,0.0,S1_S2,India,,,
source_pair_x_country,cand_addr_missing,68,0.0,0.0,0.0,0.0,0.0,S1_S2,India,,,
source_pair_x_country,either_addr_missing,68,0.0,0.0,0.0,0.0,0.0,S1_S2,India,,,
source_pair_x_country,numeric_exact_set,68,0.9411764705882353,1.0,1.0,1.0,0.9411764705882353,S1_S2,India,,,
source_pair_x_country,numeric_any_overlap,68,1.0,1.0,1.0,1.0,1.0,S1_S2,India,,,
source_pair_x_country,numeric_conflict,68,0.0,0.0,0.0,0.0,0.0,S1_S2,India,,,
source_pair_x_country,numeric_one_side_missing,68,0.0,0.0,0.0,0.0,0.0,S1_S2,India,,,
source_pair_x_country,numeric_both_missing,68,0.0,0.0,0.0,0.0,0.0,S1_S2,India,,,
source_pair_x_country,numeric_jaccard,68,0.965686274509804,1.0,1.0,1.0,0.9411764705882353,S1_S2,India,,,
source_pair_x_country,postcode_any_overlap,68,1.0,1.0,1.0,1.0,1.0,S1_S2,India,,,
source_pair_x_country,postcode_both_present,68,1.0,1.0,1.0,1.0,1.0,S1_S2,India,,,
source_pair_x_country,house_number_agree,68,0.9558823529411765,1.0,1.0,1.0,0.9558823529411765,S1_S2,India,,,
source_pair_x_country,name_exact,91,0.7362637362637363,0.0,1.0,1.0,0.7362637362637363,S1_S2,US,,,
source_pair_x_country,name_ratio,91,0.9792169964799957,0.9285714285714286,1.0,1.0,0.7362637362637363,S1_S2,US,,,
source_pair_x_country,name_token_set,91,0.9753540083698873,0.9285714285714286,1.0,1.0,0.7362637362637363,S1_S2,US,,,
source_pair_x_country,name_wratio,91,0.9803793599523896,0.9285714285714286,1.0,1.0,0.7362637362637363,S1_S2,US,,,
source_pair_x_country,name_jaro_winkler,91,0.9868383759143405,0.9406593406593406,1.0,1.0,0.7362637362637363,S1_S2,US,,,
source_pair_x_country,name_len_s1,91,18.714285714285715,13.0,18.0,26.0,0.0,S1_S2,US,,,
source_pair_x_country,name_len_cand,91,18.406593406593405,13.0,17.0,26.0,0.0,S1_S2,US,,,
source_pair_x_country,name_len_ratio,91,0.9877585505171712,1.0,1.0,1.0,0.9560439560439561,S1_S2,US,,,
source_pair_x_country,name_sorted_token_equal,91,0.7362637362637363,0.0,1.0,1.0,0.7362637362637363,S1_S2,US,,,
source_pair_x_country,addr_exact,91,0.7582417582417582,0.0,1.0,1.0,0.7582417582417582,S1_S2,US,,,
source_pair_x_country,addr_ratio,91,0.9925629399855759,0.9666666666666667,1.0,1.0,0.7582417582417582,S1_S2,US,,,
source_pair_x_country,addr_token_jaccard,91,0.9231859410430838,0.6666666666666666,1.0,1.0,0.7582417582417582,S1_S2,US,,,
source_pair_x_country,addr_containment_s1_in_cand,91,0.9526818419675561,0.8,1.0,1.0,0.7582417582417582,S1_S2,US,,,
source_pair_x_country,addr_containment_cand_in_s1,91,0.9556384092098378,0.8,1.0,1.0,0.7582417582417582,S1_S2,US,,,
source_pair_x_country,addr_len_ratio,91,0.9985693208907495,1.0,1.0,1.0,0.9560439560439561,S1_S2,US,,,
source_pair_x_country,country_equal,91,1.0,1.0,1.0,1.0,1.0,S1_S2,US,,,
source_pair_x_country,s1_name_missing,91,0.0,0.0,0.0,0.0,0.0,S1_S2,US,,,
source_pair_x_country,cand_name_missing,91,0.0,0.0,0.0,0.0,0.0,S1_S2,US,,,
source_pair_x_country,s1_addr_missing,91,0.0,0.0,0.0,0.0,0.0,S1_S2,US,,,
source_pair_x_country,cand_addr_missing,91,0.0,0.0,0.0,0.0,0.0,S1_S2,US,,,
source_pair_x_country,either_addr_missing,91,0.0,0.0,0.0,0.0,0.0,S1_S2,US,,,
source_pair_x_country,numeric_exact_set,91,0.9010989010989011,1.0,1.0,1.0,0.9010989010989011,S1_S2,US,,,
source_pair_x_country,numeric_any_overlap,91,1.0,1.0,1.0,1.0,1.0,S1_S2,US,,,
source_pair_x_country,numeric_conflict,91,0.0,0.0,0.0,0.0,0.0,S1_S2,US,,,
source_pair_x_country,numeric_one_side_missing,91,0.0,0.0,0.0,0.0,0.0,S1_S2,US,,,
source_pair_x_country,numeric_both_missing,91,0.0,0.0,0.0,0.0,0.0,S1_S2,US,,,
source_pair_x_country,numeric_jaccard,91,0.9340659340659341,1.0,1.0,1.0,0.9010989010989011,S1_S2,US,,,
source_pair_x_country,postcode_any_overlap,91,0.9120879120879121,1.0,1.0,1.0,0.9120879120879121,S1_S2,US,,,
source_pair_x_country,postcode_both_present,91,0.9120879120879121,1.0,1.0,1.0,0.9120879120879121,S1_S2,US,,,
source_pair_x_country,house_number_agree,91,0.9560439560439561,1.0,1.0,1.0,0.9560439560439561,S1_S2,US,,,
source_pair_x_country,name_exact,74,0.8648648648648649,0.0,1.0,1.0,0.8648648648648649,S1_S3,India,,,
source_pair_x_country,name_ratio,74,0.9871447750190293,0.9453216374269006,1.0,1.0,0.8648648648648649,S1_S3,India,,,
source_pair_x_country,name_token_set,74,0.9878545757288301,0.9453216374269006,1.0,1.0,0.8648648648648649,S1_S3,India,,,
source_pair_x_country,name_wratio,74,0.9872266751009293,0.9453216374269006,1.0,1.0,0.8648648648648649,S1_S3,India,,,
source_pair_x_country,name_jaro_winkler,74,0.9945919356910069,0.9754411764705883,1.0,1.0,0.8648648648648649,S1_S3,India,,,
source_pair_x_country,name_len_s1,74,17.08108108108108,13.0,16.0,21.700000000000003,0.0,S1_S3,India,,,
source_pair_x_country,name_len_cand,74,16.7972972972973,13.0,16.0,21.0,0.0,S1_S3,India,,,
source_pair_x_country,name_len_ratio,74,0.9887820512820513,1.0,1.0,1.0,0.9594594594594594,S1_S3,India,,,
source_pair_x_country,name_sorted_token_equal,74,0.8648648648648649,0.0,1.0,1.0,0.8648648648648649,S1_S3,India,,,
source_pair_x_country,addr_exact,74,0.7702702702702703,0.0,1.0,1.0,0.7702702702702703,S1_S3,India,,,
source_pair_x_country,addr_ratio,74,0.9924264202636734,0.9666666666666667,1.0,1.0,0.7702702702702703,S1_S3,India,,,
source_pair_x_country,addr_token_jaccard,74,0.9269626769626771,0.6666666666666666,1.0,1.0,0.7702702702702703,S1_S3,India,,,
source_pair_x_country,addr_containment_s1_in_cand,74,0.9553410553410554,0.8,1.0,1.0,0.7702702702702703,S1_S3,India,,,
source_pair_x_country,addr_containment_cand_in_s1,74,0.9573680823680822,0.8,1.0,1.0,0.7702702702702703,S1_S3,India,,,
source_pair_x_country,addr_len_ratio,74,0.999534016775396,1.0,1.0,1.0,0.9864864864864865,S1_S3,India,,,
source_pair_x_country,country_equal,74,1.0,1.0,1.0,1.0,1.0,S1_S3,India,,,
source_pair_x_country,s1_name_missing,74,0.0,0.0,0.0,0.0,0.0,S1_S3,India,,,
source_pair_x_country,cand_name_missing,74,0.0,0.0,0.0,0.0,0.0,S1_S3,India,,,
source_pair_x_country,s1_addr_missing,74,0.0,0.0,0.0,0.0,0.0,S1_S3,India,,,
source_pair_x_country,cand_addr_missing,74,0.0,0.0,0.0,0.0,0.0,S1_S3,India,,,
source_pair_x_country,either_addr_missing,74,0.0,0.0,0.0,0.0,0.0,S1_S3,India,,,
source_pair_x_country,numeric_exact_set,74,0.9054054054054054,1.0,1.0,1.0,0.9054054054054054,S1_S3,India,,,
source_pair_x_country,numeric_any_overlap,74,1.0,1.0,1.0,1.0,1.0,S1_S3,India,,,
source_pair_x_country,numeric_conflict,74,0.0,0.0,0.0,0.0,0.0,S1_S3,India,,,
source_pair_x_country,numeric_one_side_missing,74,0.0,0.0,0.0,0.0,0.0,S1_S3,India,,,
source_pair_x_country,numeric_both_missing,74,0.0,0.0,0.0,0.0,0.0,S1_S3,India,,,
source_pair_x_country,numeric_jaccard,74,0.9481981981981981,1.0,1.0,1.0,0.9054054054054054,S1_S3,India,,,
source_pair_x_country,postcode_any_overlap,74,0.9594594594594594,1.0,1.0,1.0,0.9594594594594594,S1_S3,India,,,
source_pair_x_country,postcode_both_present,74,0.9594594594594594,1.0,1.0,1.0,0.9594594594594594,S1_S3,India,,,
source_pair_x_country,house_number_agree,74,0.972972972972973,1.0,1.0,1.0,0.972972972972973,S1_S3,India,,,
source_pair_x_country,name_exact,80,0.7,0.0,1.0,1.0,0.7,S1_S3,US,,,
source_pair_x_country,name_ratio,80,0.9753097470381302,0.9328571428571428,1.0,1.0,0.7,S1_S3,US,,,
source_pair_x_country,name_token_set,80,0.9734597359736424,0.9280219780219781,1.0,1.0,0.7,S1_S3,US,,,
source_pair_x_country,name_wratio,80,0.9753097470381302,0.9328571428571428,1.0,1.0,0.7,S1_S3,US,,,
source_pair_x_country,name_jaro_winkler,80,0.9824925705830119,0.9189882352941177,1.0,1.0,0.7,S1_S3,US,,,
source_pair_x_country,name_len_s1,80,18.6625,13.0,18.0,25.0,0.0,S1_S3,US,,,
source_pair_x_country,name_len_cand,80,18.1375,13.0,18.0,24.0,0.0,S1_S3,US,,,
source_pair_x_country,name_len_ratio,80,0.9797179487179488,1.0,1.0,1.0,0.925,S1_S3,US,,,
source_pair_x_country,name_sorted_token_equal,80,0.7,0.0,1.0,1.0,0.7,S1_S3,US,,,
source_pair_x_country,addr_exact,80,0.7,0.0,1.0,1.0,0.7,S1_S3,US,,,
source_pair_x_country,addr_ratio,80,0.9906873893731906,0.9655172413793103,1.0,1.0,0.7,S1_S3,US,,,
source_pair_x_country,addr_token_jaccard,80,0.90734126984127,0.6666666666666666,1.0,1.0,0.7,S1_S3,US,,,
source_pair_x_country,addr_containment_s1_in_cand,80,0.943095238095238,0.8,1.0,1.0,0.7,S1_S3,US,,,
source_pair_x_country,addr_containment_cand_in_s1,80,0.9466369047619047,0.8,1.0,1.0,0.7,S1_S3,US,,,
source_pair_x_country,addr_len_ratio,80,0.9987438725490195,1.0,1.0,1.0,0.9625,S1_S3,US,,,
source_pair_x_country,country_equal,80,1.0,1.0,1.0,1.0,1.0,S1_S3,US,,,
source_pair_x_country,s1_name_missing,80,0.0,0.0,0.0,0.0,0.0,S1_S3,US,,,
source_pair_x_country,cand_name_missing,80,0.0,0.0,0.0,0.0,0.0,S1_S3,US,,,
source_pair_x_country,s1_addr_missing,80,0.0,0.0,0.0,0.0,0.0,S1_S3,US,,,
source_pair_x_country,cand_addr_missing,80,0.0,0.0,0.0,0.0,0.0,S1_S3,US,,,
source_pair_x_country,either_addr_missing,80,0.0,0.0,0.0,0.0,0.0,S1_S3,US,,,
source_pair_x_country,numeric_exact_set,80,0.9125,1.0,1.0,1.0,0.9125,S1_S3,US,,,
source_pair_x_country,numeric_any_overlap,80,1.0,1.0,1.0,1.0,1.0,S1_S3,US,,,
source_pair_x_country,numeric_conflict,80,0.0,0.0,0.0,0.0,0.0,S1_S3,US,,,
source_pair_x_country,numeric_one_side_missing,80,0.0,0.0,0.0,0.0,0.0,S1_S3,US,,,
source_pair_x_country,numeric_both_missing,80,0.0,0.0,0.0,0.0,0.0,S1_S3,US,,,
source_pair_x_country,numeric_jaccard,80,0.9479166666666667,1.0,1.0,1.0,0.9125,S1_S3,US,,,
source_pair_x_country,postcode_any_overlap,80,0.9375,1.0,1.0,1.0,0.9375,S1_S3,US,,,
source_pair_x_country,postcode_both_present,80,0.9375,1.0,1.0,1.0,0.9375,S1_S3,US,,,
source_pair_x_country,house_number_agree,80,0.9625,1.0,1.0,1.0,0.9625,S1_S3,US,,,
