breakdown,neg_type,feature,n,mean,p10,p50,p90,rate_eq_1,source_pair
neg_type,address_hard,name_exact,3000,0.004666666666666667,0.0,0.0,0.0,0.004666666666666667,
neg_type,address_hard,name_ratio,3000,0.42212800771706505,0.26315789473684215,0.3829787234042554,0.6341463414634146,0.004666666666666667,
neg_type,address_hard,name_token_set,3000,0.4330235895411995,0.2663157894736844,0.3783783783783784,0.6666666666666665,0.007333333333333333,
neg_type,address_hard,name_wratio,3000,0.4708187233077736,0.296875,0.4114285714285715,0.7692307692307692,0.004666666666666667,
neg_type,address_hard,name_jaro_winkler,3000,0.593609451421299,0.46589494569757733,0.5688025210084033,0.7891737891737892,0.004666666666666667,
neg_type,address_hard,name_len_s1,3000,18.221,13.0,18.0,25.0,0.0,
neg_type,address_hard,name_len_cand,3000,18.367333333333335,13.0,18.0,25.0,0.0,
neg_type,address_hard,name_len_ratio,3000,0.7797419183441547,0.5769230769230769,0.8,0.9473684210526315,0.06466666666666666,
neg_type,address_hard,name_sorted_token_equal,3000,0.004666666666666667,0.0,0.0,0.0,0.004666666666666667,
neg_type,address_hard,addr_exact,3000,0.002,0.0,0.0,0.0,0.002,
neg_type,address_hard,addr_ratio,3000,0.9065156048445108,0.8771929824561404,0.9152542372881356,0.9491525423728814,0.002,
neg_type,address_hard,addr_token_jaccard,3000,0.6769332047582047,0.6666666666666666,0.6666666666666666,0.75,0.002,
neg_type,address_hard,addr_containment_s1_in_cand,3000,0.8031968253968255,0.8,0.8,0.8571428571428571,0.002,
neg_type,address_hard,addr_containment_cand_in_s1,3000,0.8030670634920636,0.8,0.8,0.8571428571428571,0.002,
neg_type,address_hard,addr_len_ratio,3000,0.9717046985928041,0.9375,0.967741935483871,1.0,0.3456666666666667,
neg_type,address_hard,country_equal,3000,0.5213333333333333,0.0,1.0,1.0,0.5213333333333333,
neg_type,address_hard,s1_name_missing,3000,0.0,0.0,0.0,0.0,0.0,
neg_type,address_hard,cand_name_missing,3000,0.0,0.0,0.0,0.0,0.0,
neg_type,address_hard,s1_addr_missing,3000,0.0,0.0,0.0,0.0,0.0,
neg_type,address_hard,cand_addr_missing,3000,0.0,0.0,0.0,0.0,0.0,
neg_type,address_hard,either_addr_missing,3000,0.0,0.0,0.0,0.0,0.0,
neg_type,address_hard,numeric_exact_set,3000,0.006,0.0,0.0,0.0,0.006,
neg_type,address_hard,numeric_any_overlap,3000,0.9966666666666667,1.0,1.0,1.0,0.9966666666666667,
neg_type,address_hard,numeric_conflict,3000,0.0033333333333333335,0.0,0.0,0.0,0.0033333333333333335,
neg_type,address_hard,numeric_one_side_missing,3000,0.0,0.0,0.0,0.0,0.0,
neg_type,address_hard,numeric_both_missing,3000,0.0,0.0,0.0,0.0,0.0,
neg_type,address_hard,numeric_jaccard,3000,0.36338333333333334,0.3333333333333333,0.3333333333333333,0.5,0.006,
neg_type,address_hard,postcode_any_overlap,3000,0.9876666666666667,1.0,1.0,1.0,0.9876666666666667,
neg_type,address_hard,postcode_both_present,3000,1.0,1.0,1.0,1.0,1.0,
neg_type,address_hard,house_number_agree,3000,0.27066666666666667,0.0,0.0,1.0,0.27066666666666667,
neg_type,hybrid_hard,name_exact,2000,0.122,0.0,0.0,1.0,0.122,
neg_type,hybrid_hard,name_ratio,2000,0.7616117705575274,0.5531914893617021,0.7727272727272727,1.0,0.122,
neg_type,hybrid_hard,name_token_set,2000,0.8215755624991246,0.6060606060606061,0.8484848484848484,1.0,0.269,
neg_type,hybrid_hard,name_wratio,2000,0.8123641443662236,0.6108,0.836,1.0,0.122,
neg_type,hybrid_hard,name_jaro_winkler,2000,0.837547878030998,0.65,0.8712280701754386,1.0,0.122,
neg_type,hybrid_hard,name_len_s1,2000,18.2245,13.0,18.0,25.0,0.0,
neg_type,hybrid_hard,name_len_cand,2000,18.4735,13.0,18.0,25.0,0.0,
neg_type,hybrid_hard,name_len_ratio,2000,0.8529682277624795,0.6666666666666666,0.875,1.0,0.218,
neg_type,hybrid_hard,name_sorted_token_equal,2000,0.122,0.0,0.0,1.0,0.122,
neg_type,hybrid_hard,addr_exact,2000,0.002,0.0,0.0,0.0,0.002,
neg_type,hybrid_hard,addr_ratio,2000,0.7390644827733149,0.5423728813559322,0.7017543859649122,0.9310344827586207,0.002,
neg_type,hybrid_hard,addr_token_jaccard,2000,0.40411190753690757,0.1,0.2857142857142857,0.7142857142857143,0.002,
neg_type,hybrid_hard,addr_containment_s1_in_cand,2000,0.5302442460317461,0.2,0.5,0.8333333333333334,0.002,
neg_type,hybrid_hard,addr_containment_cand_in_s1,2000,0.5319329365079366,0.2,0.5,0.8333333333333334,0.002,
neg_type,hybrid_hard,addr_len_ratio,2000,0.9382920652579892,0.8571428571428571,0.9629629629629629,1.0,0.227,
neg_type,hybrid_hard,country_equal,2000,0.508,0.0,1.0,1.0,0.508,
neg_type,hybrid_hard,s1_name_missing,2000,0.0,0.0,0.0,0.0,0.0,
neg_type,hybrid_hard,cand_name_missing,2000,0.0,0.0,0.0,0.0,0.0,
neg_type,hybrid_hard,s1_addr_missing,2000,0.0,0.0,0.0,0.0,0.0,
neg_type,hybrid_hard,cand_addr_missing,2000,0.0,0.0,0.0,0.0,0.0,
neg_type,hybrid_hard,either_addr_missing,2000,0.0,0.0,0.0,0.0,0.0,
neg_type,hybrid_hard,numeric_exact_set,2000,0.0035,0.0,0.0,0.0,0.0035,
neg_type,hybrid_hard,numeric_any_overlap,2000,0.73,0.0,1.0,1.0,0.73,
neg_type,hybrid_hard,numeric_conflict,2000,0.27,0.0,0.0,1.0,0.27,
neg_type,hybrid_hard,numeric_one_side_missing,2000,0.0,0.0,0.0,0.0,0.0,
neg_type,hybrid_hard,numeric_both_missing,2000,0.0,0.0,0.0,0.0,0.0,
neg_type,hybrid_hard,numeric_jaccard,2000,0.24675000000000002,0.0,0.3333333333333333,0.3333333333333333,0.0035,
neg_type,hybrid_hard,postcode_any_overlap,2000,0.701,0.0,1.0,1.0,0.701,
neg_type,hybrid_hard,postcode_both_present,2000,0.9815,1.0,1.0,1.0,0.9815,
neg_type,hybrid_hard,house_number_agree,2000,0.172,0.0,0.0,1.0,0.172,
neg_type,name_hard,name_exact,3000,0.12666666666666668,0.0,0.0,1.0,0.12666666666666668,
neg_type,name_hard,name_ratio,3000,0.8264817094457937,0.7,0.8292682926829268,1.0,0.12666666666666668,
neg_type,name_hard,name_token_set,3000,0.8963846879399285,0.782608695652174,0.8888888888888888,1.0,0.32666666666666666,
neg_type,name_hard,name_wratio,3000,0.8690211444724978,0.76,0.8679245283018868,1.0,0.12666666666666668,
neg_type,name_hard,name_jaro_winkler,3000,0.8891740418379739,0.7462698412698412,0.9169082125603865,1.0,0.12666666666666668,
neg_type,name_hard,name_len_s1,3000,18.232,13.0,18.0,25.0,0.0,
neg_type,name_hard,name_len_cand,3000,18.616333333333333,13.0,18.0,26.0,0.0,
neg_type,name_hard,name_len_ratio,3000,0.8654354015320835,0.6953177257525085,0.8947368421052632,1.0,0.23266666666666666,
neg_type,name_hard,name_sorted_token_equal,3000,0.12666666666666668,0.0,0.0,1.0,0.12666666666666668,
neg_type,name_hard,addr_exact,3000,0.0,0.0,0.0,0.0,0.0,
neg_type,name_hard,addr_ratio,3000,0.5121967280593791,0.3666666666666667,0.45283018867924535,0.6897805642633228,0.0,
neg_type,name_hard,addr_token_jaccard,3000,0.10660405376214199,0.0,0.0,0.25,0.0,
neg_type,name_hard,addr_containment_s1_in_cand,3000,0.16099960317460318,0.0,0.0,0.4,0.0,
neg_type,name_hard,addr_containment_cand_in_s1,3000,0.16198399470899472,0.0,0.0,0.4,0.0,
neg_type,name_hard,addr_len_ratio,3000,0.9050999422843453,0.8064516129032258,0.9117647058823529,1.0,0.10766666666666666,
neg_type,name_hard,country_equal,3000,0.5263333333333333,0.0,1.0,1.0,0.5263333333333333,
neg_type,name_hard,s1_name_missing,3000,0.0,0.0,0.0,0.0,0.0,
neg_type,name_hard,cand_name_missing,3000,0.0,0.0,0.0,0.0,0.0,
neg_type,name_hard,s1_addr_missing,3000,0.0,0.0,0.0,0.0,0.0,
neg_type,name_hard,cand_addr_missing,3000,0.0,0.0,0.0,0.0,0.0,
neg_type,name_hard,either_addr_missing,3000,0.0,0.0,0.0,0.0,0.0,
neg_type,name_hard,numeric_exact_set,3000,0.0003333333333333333,0.0,0.0,0.0,0.0003333333333333333,
neg_type,name_hard,numeric_any_overlap,3000,0.228,0.0,0.0,1.0,0.228,
neg_type,name_hard,numeric_conflict,3000,0.772,0.0,1.0,1.0,0.772,
neg_type,name_hard,numeric_one_side_missing,3000,0.0,0.0,0.0,0.0,0.0,
neg_type,name_hard,numeric_both_missing,3000,0.0,0.0,0.0,0.0,0.0,
neg_type,name_hard,numeric_jaccard,3000,0.06902777777777777,0.0,0.0,0.3333333333333333,0.0003333333333333333,
neg_type,name_hard,postcode_any_overlap,3000,0.20633333333333334,0.0,0.0,1.0,0.20633333333333334,
neg_type,name_hard,postcode_both_present,3000,0.9786666666666667,1.0,1.0,1.0,0.9786666666666667,
neg_type,name_hard,house_number_agree,3000,0.048666666666666664,0.0,0.0,0.0,0.048666666666666664,
neg_type,random,name_exact,3000,0.0016666666666666668,0.0,0.0,0.0,0.0016666666666666668,
neg_type,random,name_ratio,3000,0.36953972330926704,0.125,0.3529411764705882,0.6,0.0016666666666666668,
neg_type,random,name_token_set,3000,0.37769153855641874,0.12903225806451615,0.35,0.631578947368421,0.005,
neg_type,random,name_wratio,3000,0.41145585169195653,0.1425,0.38,0.6909090909090908,0.0016666666666666668,
neg_type,random,name_jaro_winkler,3000,0.5610418589902951,0.4115101565101566,0.5468762718762719,0.7175802139037434,0.0016666666666666668,
neg_type,random,name_len_s1,3000,18.127666666666666,13.0,18.0,25.0,0.0,
neg_type,random,name_len_cand,3000,18.550666666666668,14.0,18.0,26.0,0.0,
neg_type,random,name_len_ratio,3000,0.7770714711840264,0.5714285714285714,0.7916666666666666,0.9473684210526315,0.067,
neg_type,random,name_sorted_token_equal,3000,0.0016666666666666668,0.0,0.0,0.0,0.0016666666666666668,
neg_type,random,addr_exact,3000,0.0,0.0,0.0,0.0,0.0,
neg_type,random,addr_ratio,3000,0.48081908708294957,0.3278688524590164,0.4285714285714286,0.679245283018868,0.0,
neg_type,random,addr_token_jaccard,3000,0.08939191271691271,0.0,0.0,0.25,0.0,
neg_type,random,addr_containment_s1_in_cand,3000,0.13647248677248675,0.0,0.0,0.4,0.0,
neg_type,random,addr_containment_cand_in_s1,3000,0.13641679894179895,0.0,0.0,0.4,0.0,
neg_type,random,addr_len_ratio,3000,0.900578406803108,0.8,0.9090909090909091,0.9705882352941176,0.09566666666666666,
neg_type,random,country_equal,3000,0.5176666666666667,0.0,1.0,1.0,0.5176666666666667,
neg_type,random,s1_name_missing,3000,0.0,0.0,0.0,0.0,0.0,
neg_type,random,cand_name_missing,3000,0.0,0.0,0.0,0.0,0.0,
neg_type,random,s1_addr_missing,3000,0.0,0.0,0.0,0.0,0.0,
neg_type,random,cand_addr_missing,3000,0.0,0.0,0.0,0.0,0.0,
neg_type,random,either_addr_missing,3000,0.0,0.0,0.0,0.0,0.0,
neg_type,random,numeric_exact_set,3000,0.0003333333333333333,0.0,0.0,0.0,0.0003333333333333333,
neg_type,random,numeric_any_overlap,3000,0.211,0.0,0.0,1.0,0.211,
neg_type,random,numeric_conflict,3000,0.789,0.0,1.0,1.0,0.789,
neg_type,random,numeric_one_side_missing,3000,0.0,0.0,0.0,0.0,0.0,
neg_type,random,numeric_both_missing,3000,0.0,0.0,0.0,0.0,0.0,
neg_type,random,numeric_jaccard,3000,0.06487222222222222,0.0,0.0,0.3333333333333333,0.0003333333333333333,
neg_type,random,postcode_any_overlap,3000,0.19366666666666665,0.0,0.0,1.0,0.19366666666666665,
neg_type,random,postcode_both_present,3000,0.972,1.0,1.0,1.0,0.972,
neg_type,random,house_number_agree,3000,0.041,0.0,0.0,0.0,0.041,
neg_type_x_pair,address_hard,name_exact,1644,0.005474452554744526,0.0,0.0,0.0,0.005474452554744526,S1_S2
neg_type_x_pair,address_hard,name_ratio,1644,0.422394883067742,0.26315789473684215,0.38529014844804316,0.6341463414634146,0.005474452554744526,S1_S2
neg_type_x_pair,address_hard,name_token_set,1644,0.43695628343254334,0.26315789473684204,0.3783783783783784,0.6923076923076923,0.007907542579075427,S1_S2
neg_type_x_pair,address_hard,name_wratio,1644,0.4757159133843105,0.2962962962962963,0.415625,0.8026923076923078,0.005474452554744526,S1_S2
neg_type_x_pair,address_hard,name_jaro_winkler,1644,0.5939049396925333,0.46469915197200157,0.5728715728715729,0.7708146253670551,0.005474452554744526,S1_S2
neg_type_x_pair,address_hard,name_len_s1,1644,18.181873479318735,13.0,18.0,25.0,0.0,S1_S2
neg_type_x_pair,address_hard,name_len_cand,1644,18.554136253041364,13.0,18.0,26.0,0.0,S1_S2
neg_type_x_pair,address_hard,name_len_ratio,1644,0.7739434366986765,0.5652173913043478,0.8,0.95,0.06690997566909976,S1_S2
neg_type_x_pair,address_hard,name_sorted_token_equal,1644,0.005474452554744526,0.0,0.0,0.0,0.005474452554744526,S1_S2
neg_type_x_pair,address_hard,addr_exact,1644,0.0030413625304136255,0.0,0.0,0.0,0.0030413625304136255,S1_S2
neg_type_x_pair,address_hard,addr_ratio,1644,0.9038544877141197,0.8727272727272728,0.9152542372881356,0.9503195332036677,0.0030413625304136255,S1_S2
neg_type_x_pair,address_hard,addr_token_jaccard,1644,0.6766015496398707,0.6666666666666666,0.6666666666666666,0.75,0.0030413625304136255,S1_S2
neg_type_x_pair,address_hard,addr_containment_s1_in_cand,1644,0.8017034043950102,0.8,0.8,0.8571428571428571,0.0030413625304136255,S1_S2
neg_type_x_pair,address_hard,addr_containment_cand_in_s1,1644,0.8013150272274361,0.8,0.8,0.8571428571428571,0.0030413625304136255,S1_S2
neg_type_x_pair,address_hard,addr_len_ratio,1644,0.9709263566741947,0.9375,0.96875,1.0,0.3497566909975669,S1_S2
neg_type_x_pair,address_hard,country_equal,1644,0.5456204379562044,0.0,1.0,1.0,0.5456204379562044,S1_S2
neg_type_x_pair,address_hard,s1_name_missing,1644,0.0,0.0,0.0,0.0,0.0,S1_S2
neg_type_x_pair,address_hard,cand_name_missing,1644,0.0,0.0,0.0,0.0,0.0,S1_S2
neg_type_x_pair,address_hard,s1_addr_missing,1644,0.0,0.0,0.0,0.0,0.0,S1_S2
neg_type_x_pair,address_hard,cand_addr_missing,1644,0.0,0.0,0.0,0.0,0.0,S1_S2
neg_type_x_pair,address_hard,either_addr_missing,1644,0.0,0.0,0.0,0.0,0.0,S1_S2
neg_type_x_pair,address_hard,numeric_exact_set,1644,0.006082725060827251,0.0,0.0,0.0,0.006082725060827251,S1_S2
neg_type_x_pair,address_hard,numeric_any_overlap,1644,0.9939172749391727,1.0,1.0,1.0,0.9939172749391727,S1_S2
neg_type_x_pair,address_hard,numeric_conflict,1644,0.006082725060827251,0.0,0.0,0.0,0.006082725060827251,S1_S2
neg_type_x_pair,address_hard,numeric_one_side_missing,1644,0.0,0.0,0.0,0.0,0.0,S1_S2
neg_type_x_pair,address_hard,numeric_both_missing,1644,0.0,0.0,0.0,0.0,0.0,S1_S2
neg_type_x_pair,address_hard,numeric_jaccard,1644,0.360492700729927,0.3333333333333333,0.3333333333333333,0.5,0.006082725060827251,S1_S2
neg_type_x_pair,address_hard,postcode_any_overlap,1644,0.9829683698296837,1.0,1.0,1.0,0.9829683698296837,S1_S2
neg_type_x_pair,address_hard,postcode_both_present,1644,1.0,1.0,1.0,1.0,1.0,S1_S2
neg_type_x_pair,address_hard,house_number_agree,1644,0.33941605839416056,0.0,0.0,1.0,0.33941605839416056,S1_S2
neg_type_x_pair,address_hard,name_exact,1356,0.003687315634218289,0.0,0.0,0.0,0.003687315634218289,S1_S3
neg_type_x_pair,address_hard,name_ratio,1356,0.4218044508759789,0.26315789473684215,0.38095238095238093,0.6341463414634146,0.003687315634218289,S1_S3
neg_type_x_pair,address_hard,name_token_set,1356,0.4282556332304552,0.2666666666666667,0.375,0.6666666666666665,0.00663716814159292,S1_S3
neg_type_x_pair,address_hard,name_wratio,1356,0.4648814220645385,0.30000000000000004,0.4056990881458966,0.7333333333333334,0.003687315634218289,S1_S3
neg_type_x_pair,address_hard,name_jaro_winkler,1356,0.5932512045791829,0.4673433048433048,0.5653594771241829,0.8239348370927317,0.003687315634218289,S1_S3
neg_type_x_pair,address_hard,name_len_s1,1356,18.26843657817109,13.0,18.0,25.0,0.0,S1_S3
neg_type_x_pair,address_hard,name_len_cand,1356,18.14085545722714,13.0,18.0,24.0,0.0,S1_S3
neg_type_x_pair,address_hard,name_len_ratio,1356,0.7867719359143366,0.5909090909090909,0.8,0.9473684210526315,0.061946902654867256,S1_S3
neg_type_x_pair,address_hard,name_sorted_token_equal,1356,0.003687315634218289,0.0,0.0,0.0,0.003687315634218289,S1_S3
neg_type_x_pair,address_hard,addr_exact,1356,0.0007374631268436578,0.0,0.0,0.0,0.0007374631268436578,S1_S3
neg_type_x_pair,address_hard,addr_ratio,1356,0.9097419149937458,0.8771929824561404,0.9152542372881356,0.9491525423728814,0.0007374631268436578,S1_S3
neg_type_x_pair,address_hard,addr_token_jaccard,1356,0.6773352999016716,0.6666666666666666,0.6666666666666666,0.75,0.0007374631268436578,S1_S3
neg_type_x_pair,address_hard,addr_containment_s1_in_cand,1356,0.805007433160088,0.8,0.8,0.8571428571428571,0.0007374631268436578,S1_S3
neg_type_x_pair,address_hard,addr_containment_cand_in_s1,1356,0.8051912136536031,0.8,0.8,0.8571428571428571,0.0007374631268436578,S1_S3
neg_type_x_pair,address_hard,addr_len_ratio,1356,0.9726483520693482,0.9375,0.967741935483871,1.0,0.3407079646017699,S1_S3
neg_type_x_pair,address_hard,country_equal,1356,0.4918879056047198,0.0,0.0,1.0,0.4918879056047198,S1_S3
neg_type_x_pair,address_hard,s1_name_missing,1356,0.0,0.0,0.0,0.0,0.0,S1_S3
neg_type_x_pair,address_hard,cand_name_missing,1356,0.0,0.0,0.0,0.0,0.0,S1_S3
neg_type_x_pair,address_hard,s1_addr_missing,1356,0.0,0.0,0.0,0.0,0.0,S1_S3
neg_type_x_pair,address_hard,cand_addr_missing,1356,0.0,0.0,0.0,0.0,0.0,S1_S3
neg_type_x_pair,address_hard,either_addr_missing,1356,0.0,0.0,0.0,0.0,0.0,S1_S3
neg_type_x_pair,address_hard,numeric_exact_set,1356,0.0058997050147492625,0.0,0.0,0.0,0.0058997050147492625,S1_S3
neg_type_x_pair,address_hard,numeric_any_overlap,1356,1.0,1.0,1.0,1.0,1.0,S1_S3
neg_type_x_pair,address_hard,numeric_conflict,1356,0.0,0.0,0.0,0.0,0.0,S1_S3
neg_type_x_pair,address_hard,numeric_one_side_missing,1356,0.0,0.0,0.0,0.0,0.0,S1_S3
neg_type_x_pair,address_hard,numeric_both_missing,1356,0.0,0.0,0.0,0.0,0.0,S1_S3
neg_type_x_pair,address_hard,numeric_jaccard,1356,0.3668879056047198,0.3333333333333333,0.3333333333333333,0.5,0.0058997050147492625,S1_S3
neg_type_x_pair,address_hard,postcode_any_overlap,1356,0.9933628318584071,1.0,1.0,1.0,0.9933628318584071,S1_S3
neg_type_x_pair,address_hard,postcode_both_present,1356,1.0,1.0,1.0,1.0,1.0,S1_S3
neg_type_x_pair,address_hard,house_number_agree,1356,0.1873156342182891,0.0,0.0,1.0,0.1873156342182891,S1_S3
neg_type_x_pair,hybrid_hard,name_exact,1094,0.11425959780621572,0.0,0.0,1.0,0.11425959780621572,S1_S2
neg_type_x_pair,hybrid_hard,name_ratio,1094,0.7580245305078304,0.5505172413793104,0.7727272727272727,1.0,0.11425959780621572,S1_S2
neg_type_x_pair,hybrid_hard,name_token_set,1094,0.8212198250570565,0.6086956521739131,0.8461538461538461,1.0,0.24862888482632542,S1_S2
neg_type_x_pair,hybrid_hard,name_wratio,1094,0.8108413595641848,0.6184568965517242,0.83125,1.0,0.11425959780621572,S1_S2
neg_type_x_pair,hybrid_hard,name_jaro_winkler,1094,0.8332747516864543,0.6533614810903141,0.8627046440345674,1.0,0.11425959780621572,S1_S2
neg_type_x_pair,hybrid_hard,name_len_s1,1094,18.46617915904936,13.0,18.0,25.0,0.0,S1_S2
neg_type_x_pair,hybrid_hard,name_len_cand,1094,19.02468007312614,14.0,18.0,26.0,0.0,S1_S2
neg_type_x_pair,hybrid_hard,name_len_ratio,1094,0.8524285386454801,0.6526755852842809,0.875,1.0,0.22212065813528337,S1_S2
neg_type_x_pair,hybrid_hard,name_sorted_token_equal,1094,0.11425959780621572,0.0,0.0,1.0,0.11425959780621572,S1_S2
neg_type_x_pair,hybrid_hard,addr_exact,1094,0.002742230347349177,0.0,0.0,0.0,0.002742230347349177,S1_S2
neg_type_x_pair,hybrid_hard,addr_ratio,1094,0.741476237992381,0.5441771459814106,0.7,0.9310344827586207,0.002742230347349177,S1_S2
neg_type_x_pair,hybrid_hard,addr_token_jaccard,1094,0.4097107188971906,0.1111111111111111,0.3333333333333333,0.75,0.002742230347349177,S1_S2
neg_type_x_pair,hybrid_hard,addr_containment_s1_in_cand,1094,0.5366091378659934,0.2,0.5,0.8571428571428571,0.002742230347349177,S1_S2
neg_type_x_pair,hybrid_hard,addr_containment_cand_in_s1,1094,0.5374557470764051,0.2,0.5,0.8571428571428571,0.002742230347349177,S1_S2
neg_type_x_pair,hybrid_hard,addr_len_ratio,1094,0.9396185073741615,0.8571428571428571,0.9636243386243386,1.0,0.24040219378427788,S1_S2
neg_type_x_pair,hybrid_hard,country_equal,1094,0.5329067641681902,0.0,1.0,1.0,0.5329067641681902,S1_S2
neg_type_x_pair,hybrid_hard,s1_name_missing,1094,0.0,0.0,0.0,0.0,0.0,S1_S2
neg_type_x_pair,hybrid_hard,cand_name_missing,1094,0.0,0.0,0.0,0.0,0.0,S1_S2
neg_type_x_pair,hybrid_hard,s1_addr_missing,1094,0.0,0.0,0.0,0.0,0.0,S1_S2
neg_type_x_pair,hybrid_hard,cand_addr_missing,1094,0.0,0.0,0.0,0.0,0.0,S1_S2
neg_type_x_pair,hybrid_hard,either_addr_missing,1094,0.0,0.0,0.0,0.0,0.0,S1_S2
neg_type_x_pair,hybrid_hard,numeric_exact_set,1094,0.003656307129798903,0.0,0.0,0.0,0.003656307129798903,S1_S2
neg_type_x_pair,hybrid_hard,numeric_any_overlap,1094,0.7312614259597806,0.0,1.0,1.0,0.7312614259597806,S1_S2
neg_type_x_pair,hybrid_hard,numeric_conflict,1094,0.2687385740402194,0.0,0.0,1.0,0.2687385740402194,S1_S2
neg_type_x_pair,hybrid_hard,numeric_one_side_missing,1094,0.0,0.0,0.0,0.0,0.0,S1_S2
neg_type_x_pair,hybrid_hard,numeric_both_missing,1094,0.0,0.0,0.0,0.0,0.0,S1_S2
neg_type_x_pair,hybrid_hard,numeric_jaccard,1094,0.2477148080438757,0.0,0.3333333333333333,0.3333333333333333,0.003656307129798903,S1_S2
neg_type_x_pair,hybrid_hard,postcode_any_overlap,1094,0.7020109689213894,0.0,1.0,1.0,0.7020109689213894,S1_S2
neg_type_x_pair,hybrid_hard,postcode_both_present,1094,0.9817184643510055,1.0,1.0,1.0,0.9817184643510055,S1_S2
neg_type_x_pair,hybrid_hard,house_number_agree,1094,0.2056672760511883,0.0,0.0,1.0,0.2056672760511883,S1_S2
neg_type_x_pair,hybrid_hard,name_exact,906,0.13134657836644592,0.0,0.0,1.0,0.13134657836644592,S1_S3
neg_type_x_pair,hybrid_hard,name_ratio,906,0.765943382714667,0.5568475452196382,0.7734604105571847,1.0,0.13134657836644592,S1_S3
neg_type_x_pair,hybrid_hard,name_token_set,906,0.8220051174236525,0.6,0.850531914893617,1.0,0.293598233995585,S1_S3
neg_type_x_pair,hybrid_hard,name_wratio,906,0.8142029154185753,0.6060606060606061,0.84,1.0,0.13134657836644592,S1_S3
neg_type_x_pair,hybrid_hard,name_jaro_winkler,906,0.8427077016744092,0.6412173012173012,0.8846331502782689,1.0,0.13134657836644592,S1_S3
neg_type_x_pair,hybrid_hard,name_len_s1,906,17.932671081677704,13.0,18.0,24.0,0.0,S1_S3
neg_type_x_pair,hybrid_hard,name_len_cand,906,17.807947019867548,13.0,17.0,24.0,0.0,S1_S3
neg_type_x_pair,hybrid_hard,name_len_ratio,906,0.853619905349673,0.6666666666666666,0.875,1.0,0.2130242825607064,S1_S3
neg_type_x_pair,hybrid_hard,name_sorted_token_equal,906,0.13134657836644592,0.0,0.0,1.0,0.13134657836644592,S1_S3
neg_type_x_pair,hybrid_hard,addr_exact,906,0.0011037527593818985,0.0,0.0,0.0,0.0011037527593818985,S1_S3
neg_type_x_pair,hybrid_hard,addr_ratio,906,0.7361522750363855,0.5365079365079366,0.7017543859649122,0.9259259259259259,0.0011037527593818985,S1_S3
neg_type_x_pair,hybrid_hard,addr_token_jaccard,906,0.3973513119208484,0.1,0.2727272727272727,0.7142857142857143,0.0011037527593818985,S1_S3
neg_type_x_pair,hybrid_hard,addr_containment_s1_in_cand,906,0.5225586040155576,0.16666666666666666,0.4,0.8333333333333334,0.0011037527593818985,S1_S3
neg_type_x_pair,hybrid_hard,addr_containment_cand_in_s1,906,0.5252641122674235,0.2,0.4,0.8333333333333334,0.0011037527593818985,S1_S3
neg_type_x_pair,hybrid_hard,addr_len_ratio,906,0.9366903790823906,0.8571428571428571,0.9615384615384616,1.0,0.2108167770419426,S1_S3
neg_type_x_pair,hybrid_hard,country_equal,906,0.47792494481236203,0.0,0.0,1.0,0.47792494481236203,S1_S3
neg_type_x_pair,hybrid_hard,s1_name_missing,906,0.0,0.0,0.0,0.0,0.0,S1_S3
neg_type_x_pair,hybrid_hard,cand_name_missing,906,0.0,0.0,0.0,0.0,0.0,S1_S3
neg_type_x_pair,hybrid_hard,s1_addr_missing,906,0.0,0.0,0.0,0.0,0.0,S1_S3
neg_type_x_pair,hybrid_hard,cand_addr_missing,906,0.0,0.0,0.0,0.0,0.0,S1_S3
neg_type_x_pair,hybrid_hard,either_addr_missing,906,0.0,0.0,0.0,0.0,0.0,S1_S3
neg_type_x_pair,hybrid_hard,numeric_exact_set,906,0.0033112582781456954,0.0,0.0,0.0,0.0033112582781456954,S1_S3
neg_type_x_pair,hybrid_hard,numeric_any_overlap,906,0.7284768211920529,0.0,1.0,1.0,0.7284768211920529,S1_S3
neg_type_x_pair,hybrid_hard,numeric_conflict,906,0.271523178807947,0.0,0.0,1.0,0.271523178807947,S1_S3
neg_type_x_pair,hybrid_hard,numeric_one_side_missing,906,0.0,0.0,0.0,0.0,0.0,S1_S3
neg_type_x_pair,hybrid_hard,numeric_both_missing,906,0.0,0.0,0.0,0.0,0.0,S1_S3
neg_type_x_pair,hybrid_hard,numeric_jaccard,906,0.2455849889624724,0.0,0.3333333333333333,0.3333333333333333,0.0033112582781456954,S1_S3
neg_type_x_pair,hybrid_hard,postcode_any_overlap,906,0.6997792494481236,0.0,1.0,1.0,0.6997792494481236,S1_S3
neg_type_x_pair,hybrid_hard,postcode_both_present,906,0.9812362030905077,1.0,1.0,1.0,0.9812362030905077,S1_S3
neg_type_x_pair,hybrid_hard,house_number_agree,906,0.13134657836644592,0.0,0.0,1.0,0.13134657836644592,S1_S3
neg_type_x_pair,name_hard,name_exact,1663,0.12146722790138305,0.0,0.0,1.0,0.12146722790138305,S1_S2
neg_type_x_pair,name_hard,name_ratio,1663,0.8184548564870736,0.6842105263157895,0.8181818181818181,1.0,0.12146722790138305,S1_S2
neg_type_x_pair,name_hard,name_token_set,1663,0.8910028202122253,0.7777777777777777,0.8837209302325582,1.0,0.30246542393265186,S1_S2
neg_type_x_pair,name_hard,name_wratio,1663,0.8634375852225092,0.7586206896551724,0.8571428571428572,1.0,0.12146722790138305,S1_S2
neg_type_x_pair,name_hard,name_jaro_winkler,1663,0.8798860237927884,0.7396460855069011,0.9076923076923077,1.0,0.12146722790138305,S1_S2
neg_type_x_pair,name_hard,name_len_s1,1663,18.492483463619966,13.0,18.0,25.0,0.0,S1_S2
neg_type_x_pair,name_hard,name_len_cand,1663,19.101022248947686,14.0,18.0,26.0,0.0,S1_S2
neg_type_x_pair,name_hard,name_len_ratio,1663,0.8632611433344934,0.6923076923076923,0.8947368421052632,1.0,0.22669873722188816,S1_S2
neg_type_x_pair,name_hard,name_sorted_token_equal,1663,0.12146722790138305,0.0,0.0,1.0,0.12146722790138305,S1_S2
neg_type_x_pair,name_hard,addr_exact,1663,0.0,0.0,0.0,0.0,0.0,S1_S2
neg_type_x_pair,name_hard,addr_ratio,1663,0.516293075637707,0.36923076923076925,0.4590163934426229,0.692027972027972,0.0,S1_S2
neg_type_x_pair,name_hard,addr_token_jaccard,1663,0.11173371700988341,0.0,0.0,0.2727272727272727,0.0,S1_S2
neg_type_x_pair,name_hard,addr_containment_s1_in_cand,1663,0.16878990922887493,0.0,0.0,0.4444444444444444,0.0,S1_S2
neg_type_x_pair,name_hard,addr_containment_cand_in_s1,1663,0.1684746919413185,0.0,0.0,0.4444444444444444,0.0,S1_S2
neg_type_x_pair,name_hard,addr_len_ratio,1663,0.907549528956015,0.8181818181818182,0.9117647058823529,1.0,0.11365003006614552,S1_S2
neg_type_x_pair,name_hard,country_equal,1663,0.5532170775706554,0.0,1.0,1.0,0.5532170775706554,S1_S2
neg_type_x_pair,name_hard,s1_name_missing,1663,0.0,0.0,0.0,0.0,0.0,S1_S2
neg_type_x_pair,name_hard,cand_name_missing,1663,0.0,0.0,0.0,0.0,0.0,S1_S2
neg_type_x_pair,name_hard,s1_addr_missing,1663,0.0,0.0,0.0,0.0,0.0,S1_S2
neg_type_x_pair,name_hard,cand_addr_missing,1663,0.0,0.0,0.0,0.0,0.0,S1_S2
neg_type_x_pair,name_hard,either_addr_missing,1663,0.0,0.0,0.0,0.0,0.0,S1_S2
neg_type_x_pair,name_hard,numeric_exact_set,1663,0.0006013229104028864,0.0,0.0,0.0,0.0006013229104028864,S1_S2
neg_type_x_pair,name_hard,numeric_any_overlap,1663,0.23692122669873722,0.0,0.0,1.0,0.23692122669873722,S1_S2
neg_type_x_pair,name_hard,numeric_conflict,1663,0.7630787733012627,0.0,1.0,1.0,0.7630787733012627,S1_S2
neg_type_x_pair,name_hard,numeric_one_side_missing,1663,0.0,0.0,0.0,0.0,0.0,S1_S2
neg_type_x_pair,name_hard,numeric_both_missing,1663,0.0,0.0,0.0,0.0,0.0,S1_S2
neg_type_x_pair,name_hard,numeric_jaccard,1663,0.07193826418119863,0.0,0.0,0.3333333333333333,0.0006013229104028864,S1_S2
neg_type_x_pair,name_hard,postcode_any_overlap,1663,0.21046301864101022,0.0,0.0,1.0,0.21046301864101022,S1_S2
neg_type_x_pair,name_hard,postcode_both_present,1663,0.9807576668671076,1.0,1.0,1.0,0.9807576668671076,S1_S2
neg_type_x_pair,name_hard,house_number_agree,1663,0.05832832230907998,0.0,0.0,0.0,0.05832832230907998,S1_S2
neg_type_x_pair,name_hard,name_exact,1337,0.13313388182498131,0.0,0.0,1.0,0.13313388182498131,S1_S3
neg_type_x_pair,name_hard,name_ratio,1337,0.8364657456988617,0.7096774193548387,0.8461538461538461,1.0,0.13313388182498131,S1_S3
neg_type_x_pair,name_hard,name_token_set,1337,0.9030788136176928,0.782608695652174,0.896551724137931,1.0,0.3567688855646971,S1_S3
neg_type_x_pair,name_hard,name_wratio,1337,0.8759661400093197,0.7647058823529411,0.8888888888888888,1.0,0.13313388182498131,S1_S3
neg_type_x_pair,name_hard,name_jaro_winkler,1337,0.9007267523908113,0.7560772560772561,0.9272727272727272,1.0,0.13313388182498131,S1_S3
neg_type_x_pair,name_hard,name_len_s1,1337,17.908002991772626,13.0,18.0,24.0,0.0,S1_S3
neg_type_x_pair,name_hard,name_len_cand,1337,18.013462976813763,13.0,18.0,25.0,0.0,S1_S3
neg_type_x_pair,name_hard,name_len_ratio,1337,0.8681398079513748,0.7142857142857143,0.8947368421052632,1.0,0.2400897531787584,S1_S3
neg_type_x_pair,name_hard,name_sorted_token_equal,1337,0.13313388182498131,0.0,0.0,1.0,0.13313388182498131,S1_S3
neg_type_x_pair,name_hard,addr_exact,1337,0.0,0.0,0.0,0.0,0.0,S1_S3
neg_type_x_pair,name_hard,addr_ratio,1337,0.5071015702263504,0.36065573770491793,0.4482758620689655,0.6885245901639344,0.0,S1_S3
neg_type_x_pair,name_hard,addr_token_jaccard,1337,0.10022362744875836,0.0,0.0,0.25,0.0,S1_S3
neg_type_x_pair,name_hard,addr_containment_s1_in_cand,1337,0.15130979093207964,0.0,0.0,0.4,0.0,S1_S3
neg_type_x_pair,name_hard,addr_containment_cand_in_s1,1337,0.15391067421733093,0.0,0.0,0.4,0.0,S1_S3
neg_type_x_pair,name_hard,addr_len_ratio,1337,0.9020530741953499,0.8,0.9090909090909091,0.9828571428571454,0.10022438294689603,S1_S3
neg_type_x_pair,name_hard,country_equal,1337,0.49289454001495886,0.0,0.0,1.0,0.49289454001495886,S1_S3
neg_type_x_pair,name_hard,s1_name_missing,1337,0.0,0.0,0.0,0.0,0.0,S1_S3
neg_type_x_pair,name_hard,cand_name_missing,1337,0.0,0.0,0.0,0.0,0.0,S1_S3
neg_type_x_pair,name_hard,s1_addr_missing,1337,0.0,0.0,0.0,0.0,0.0,S1_S3
neg_type_x_pair,name_hard,cand_addr_missing,1337,0.0,0.0,0.0,0.0,0.0,S1_S3
neg_type_x_pair,name_hard,either_addr_missing,1337,0.0,0.0,0.0,0.0,0.0,S1_S3
neg_type_x_pair,name_hard,numeric_exact_set,1337,0.0,0.0,0.0,0.0,0.0,S1_S3
neg_type_x_pair,name_hard,numeric_any_overlap,1337,0.2169035153328347,0.0,0.0,1.0,0.2169035153328347,S1_S3
neg_type_x_pair,name_hard,numeric_conflict,1337,0.7830964846671653,0.0,1.0,1.0,0.7830964846671653,S1_S3
neg_type_x_pair,name_hard,numeric_one_side_missing,1337,0.0,0.0,0.0,0.0,0.0,S1_S3
neg_type_x_pair,name_hard,numeric_both_missing,1337,0.0,0.0,0.0,0.0,0.0,S1_S3
neg_type_x_pair,name_hard,numeric_jaccard,1337,0.06540762902019445,0.0,0.0,0.3333333333333333,0.0,S1_S3
neg_type_x_pair,name_hard,postcode_any_overlap,1337,0.2011967090501122,0.0,0.0,1.0,0.2011967090501122,S1_S3
neg_type_x_pair,name_hard,postcode_both_present,1337,0.9760658189977561,1.0,1.0,1.0,0.9760658189977561,S1_S3
neg_type_x_pair,name_hard,house_number_agree,1337,0.03664921465968586,0.0,0.0,0.0,0.03664921465968586,S1_S3
neg_type_x_pair,random,name_exact,1673,0.0017931858936043037,0.0,0.0,0.0,0.0017931858936043037,S1_S2
neg_type_x_pair,random,name_ratio,1673,0.35078966173252696,0.1081081081081081,0.3414634146341463,0.6,0.0017931858936043037,S1_S2
neg_type_x_pair,random,name_token_set,1673,0.3593044368593215,0.11764705882352942,0.33333333333333326,0.6294179894179894,0.005379557680812911,S1_S2
neg_type_x_pair,random,name_wratio,1673,0.39276001664897714,0.1266666666666666,0.3694444444444444,0.6854135338345864,0.0017931858936043037,S1_S2
neg_type_x_pair,random,name_jaro_winkler,1673,0.5499127078728976,0.4042950513538748,0.5350564468211526,0.7089106753812635,0.0017931858936043037,S1_S2
neg_type_x_pair,random,name_len_s1,1673,18.0836820083682,13.0,18.0,25.0,0.0,S1_S2
neg_type_x_pair,random,name_len_cand,1673,19.086072922893006,14.0,18.0,26.0,0.0,S1_S2
neg_type_x_pair,random,name_len_ratio,1673,0.7735741026010045,0.56,0.7894736842105263,0.95,0.06873879258816497,S1_S2
neg_type_x_pair,random,name_sorted_token_equal,1673,0.0017931858936043037,0.0,0.0,0.0,0.0017931858936043037,S1_S2
neg_type_x_pair,random,addr_exact,1673,0.0,0.0,0.0,0.0,0.0,S1_S2
neg_type_x_pair,random,addr_ratio,1673,0.46842530539533517,0.3125,0.4193548387096774,0.6785714285714286,0.0,S1_S2
neg_type_x_pair,random,addr_token_jaccard,1673,0.08432541258303362,0.0,0.0,0.25,0.0,S1_S2
neg_type_x_pair,random,addr_containment_s1_in_cand,1673,0.12877778726553382,0.0,0.0,0.4,0.0,S1_S2
neg_type_x_pair,random,addr_containment_cand_in_s1,1673,0.1277014013415687,0.0,0.0,0.4,0.0,S1_S2
neg_type_x_pair,random,addr_len_ratio,1673,0.8985860249146428,0.7941176470588235,0.90625,0.9705882352941176,0.09563658099222953,S1_S2
neg_type_x_pair,random,country_equal,1673,0.5200239091452481,0.0,1.0,1.0,0.5200239091452481,S1_S2
neg_type_x_pair,random,s1_name_missing,1673,0.0,0.0,0.0,0.0,0.0,S1_S2
neg_type_x_pair,random,cand_name_missing,1673,0.0,0.0,0.0,0.0,0.0,S1_S2
neg_type_x_pair,random,s1_addr_missing,1673,0.0,0.0,0.0,0.0,0.0,S1_S2
neg_type_x_pair,random,cand_addr_missing,1673,0.0,0.0,0.0,0.0,0.0,S1_S2
neg_type_x_pair,random,either_addr_missing,1673,0.0,0.0,0.0,0.0,0.0,S1_S2
neg_type_x_pair,random,numeric_exact_set,1673,0.0,0.0,0.0,0.0,0.0,S1_S2
neg_type_x_pair,random,numeric_any_overlap,1673,0.21040047818290497,0.0,0.0,1.0,0.21040047818290497,S1_S2
neg_type_x_pair,random,numeric_conflict,1673,0.789599521817095,0.0,1.0,1.0,0.789599521817095,S1_S2
neg_type_x_pair,random,numeric_one_side_missing,1673,0.0,0.0,0.0,0.0,0.0,S1_S2
neg_type_x_pair,random,numeric_both_missing,1673,0.0,0.0,0.0,0.0,0.0,S1_S2
neg_type_x_pair,random,numeric_jaccard,1673,0.06424586571030085,0.0,0.0,0.3333333333333333,0.0,S1_S2
neg_type_x_pair,random,postcode_any_overlap,1673,0.19067543335325762,0.0,0.0,1.0,0.19067543335325762,S1_S2
neg_type_x_pair,random,postcode_both_present,1673,0.9719067543335326,1.0,1.0,1.0,0.9719067543335326,S1_S2
neg_type_x_pair,random,house_number_agree,1673,0.04303646144650329,0.0,0.0,0.0,0.04303646144650329,S1_S2
neg_type_x_pair,random,name_exact,1327,0.0015071590052750565,0.0,0.0,0.0,0.0015071590052750565,S1_S3
neg_type_x_pair,random,name_ratio,1327,0.39317864796479535,0.23529411764705888,0.36363636363636365,0.6,0.0015071590052750565,S1_S3
neg_type_x_pair,random,name_token_set,1327,0.4008728657148541,0.22857142857142862,0.36363636363636365,0.6371373307543522,0.00452147701582517,S1_S3
neg_type_x_pair,random,name_wratio,1327,0.4350264108682222,0.2666666666666667,0.391304347826087,0.6932121212121216,0.0015071590052750565,S1_S3
neg_type_x_pair,random,name_jaro_winkler,1327,0.5750728083643767,0.4393128275233539,0.5556722689075629,0.7280638315932442,0.0015071590052750565,S1_S3
neg_type_x_pair,random,name_len_s1,1327,18.18311981914092,13.0,18.0,25.0,0.0,S1_S3
neg_type_x_pair,random,name_len_cand,1327,17.875659382064807,13.0,18.0,24.0,0.0,S1_S3
neg_type_x_pair,random,name_len_ratio,1327,0.7814807384330056,0.5789473684210527,0.7931034482758621,0.9473684210526315,0.06480783722682742,S1_S3
neg_type_x_pair,random,name_sorted_token_equal,1327,0.0015071590052750565,0.0,0.0,0.0,0.0015071590052750565,S1_S3
neg_type_x_pair,random,addr_exact,1327,0.0,0.0,0.0,0.0,0.0,S1_S3
neg_type_x_pair,random,addr_ratio,1327,0.4964444049151869,0.3508771929824561,0.4375,0.679245283018868,0.0,S1_S3
neg_type_x_pair,random,addr_token_jaccard,1327,0.09577944453603834,0.0,0.0,0.25,0.0,S1_S3
neg_type_x_pair,random,addr_containment_s1_in_cand,1327,0.14617349074771832,0.0,0.0,0.4,0.0,S1_S3
neg_type_x_pair,random,addr_containment_cand_in_s1,1327,0.14740463630817813,0.0,0.0,0.4,0.0,S1_S3
neg_type_x_pair,random,addr_len_ratio,1327,0.9030902793723635,0.8033333333333333,0.9090909090909091,0.9705882352941176,0.09570459683496609,S1_S3
neg_type_x_pair,random,country_equal,1327,0.5146948003014318,0.0,1.0,1.0,0.5146948003014318,S1_S3
neg_type_x_pair,random,s1_name_missing,1327,0.0,0.0,0.0,0.0,0.0,S1_S3
neg_type_x_pair,random,cand_name_missing,1327,0.0,0.0,0.0,0.0,0.0,S1_S3
neg_type_x_pair,random,s1_addr_missing,1327,0.0,0.0,0.0,0.0,0.0,S1_S3
neg_type_x_pair,random,cand_addr_missing,1327,0.0,0.0,0.0,0.0,0.0,S1_S3
neg_type_x_pair,random,either_addr_missing,1327,0.0,0.0,0.0,0.0,0.0,S1_S3
neg_type_x_pair,random,numeric_exact_set,1327,0.0007535795026375283,0.0,0.0,0.0,0.0007535795026375283,S1_S3
neg_type_x_pair,random,numeric_any_overlap,1327,0.21175584024114544,0.0,0.0,1.0,0.21175584024114544,S1_S3
neg_type_x_pair,random,numeric_conflict,1327,0.7882441597588545,0.0,1.0,1.0,0.7882441597588545,S1_S3
neg_type_x_pair,random,numeric_one_side_missing,1327,0.0,0.0,0.0,0.0,0.0,S1_S3
neg_type_x_pair,random,numeric_both_missing,1327,0.0,0.0,0.0,0.0,0.0,S1_S3
neg_type_x_pair,random,numeric_jaccard,1327,0.06566189399648328,0.0,0.0,0.3333333333333333,0.0007535795026375283,S1_S3
neg_type_x_pair,random,postcode_any_overlap,1327,0.1974378296910324,0.0,0.0,1.0,0.1974378296910324,S1_S3
neg_type_x_pair,random,postcode_both_present,1327,0.9721175584024114,1.0,1.0,1.0,0.9721175584024114,S1_S3
neg_type_x_pair,random,house_number_agree,1327,0.03843255463451394,0.0,0.0,0.0,0.03843255463451394,S1_S3
