table,representation,n_records,n_unique,pct_unique,n_collision_groups,largest_cluster,mean_cluster_size
train_source1,raw_name,340.0,243.0,0.714706,70.0,5.0,2.386
train_source1,norm_name,340.0,243.0,0.714706,70.0,5.0,2.386
train_source1,raw_address,340.0,339.0,0.997059,1.0,2.0,2.0
train_source1,norm_address,340.0,339.0,0.997059,1.0,2.0,2.0
train_source1,raw_name_address,340.0,340.0,1.0,0.0,0.0,0.0
train_source1,norm_name_address,340.0,340.0,1.0,0.0,0.0,0.0
train_source1,norm_name_address_country,340.0,340.0,1.0,0.0,0.0,0.0
train_source1,aggr_name__sample1M,340.0,44.0,0.129412,23.0,45.0,13.87
train_source1,aggr_address__sample1M,340.0,339.0,0.997059,1.0,2.0,2.0
train_source2,raw_name,339.0,268.0,0.79056,54.0,5.0,2.315
train_source2,norm_name,339.0,267.0,0.787611,55.0,5.0,2.309
train_source2,raw_address,339.0,316.0,0.932153,23.0,2.0,2.0
train_source2,norm_address,339.0,316.0,0.932153,23.0,2.0,2.0
train_source2,raw_name_address,339.0,325.0,0.958702,14.0,2.0,2.0
train_source2,norm_name_address,339.0,325.0,0.958702,14.0,2.0,2.0
train_source2,norm_name_address_country,339.0,325.0,0.958702,14.0,2.0,2.0
train_source2,aggr_name__sample1M,339.0,103.0,0.303835,21.0,34.0,12.238
train_source2,aggr_address__sample1M,339.0,316.0,0.932153,23.0,2.0,2.0
train_source3,raw_name,274.0,200.0,0.729927,53.0,4.0,2.396
train_source3,norm_name,274.0,200.0,0.729927,53.0,4.0,2.396
train_source3,raw_address,274.0,254.0,0.927007,19.0,3.0,2.053
train_source3,norm_address,274.0,254.0,0.927007,19.0,3.0,2.053
train_source3,raw_name_address,274.0,260.0,0.948905,13.0,3.0,2.077
train_source3,norm_name_address,274.0,260.0,0.948905,13.0,3.0,2.077
train_source3,norm_name_address_country,274.0,260.0,0.948905,13.0,3.0,2.077
train_source3,aggr_name__sample1M,274.0,43.0,0.156934,16.0,34.0,15.438
train_source3,aggr_address__sample1M,274.0,254.0,0.927007,19.0,3.0,2.053
test_source1,raw_name,120.0,105.0,0.875,14.0,3.0,2.071
test_source1,norm_name,120.0,105.0,0.875,14.0,3.0,2.071
test_source1,raw_address,120.0,120.0,1.0,0.0,0.0,0.0
test_source1,norm_address,120.0,120.0,1.0,0.0,0.0,0.0
test_source1,raw_name_address,120.0,120.0,1.0,0.0,0.0,0.0
test_source1,norm_name_address,120.0,120.0,1.0,0.0,0.0,0.0
test_source1,norm_name_address_country,120.0,120.0,1.0,0.0,0.0,0.0
test_source1,aggr_name__sample1M,120.0,13.0,0.108333,13.0,20.0,9.231
test_source1,aggr_address__sample1M,120.0,120.0,1.0,0.0,0.0,0.0
test_source2,raw_name,100.0,91.0,0.91,8.0,3.0,2.125
test_source2,norm_name,100.0,91.0,0.91,8.0,3.0,2.125
test_source2,raw_address,100.0,100.0,1.0,0.0,0.0,0.0
test_source2,norm_address,100.0,100.0,1.0,0.0,0.0,0.0
test_source2,raw_name_address,100.0,100.0,1.0,0.0,0.0,0.0
test_source2,norm_name_address,100.0,100.0,1.0,0.0,0.0,0.0
test_source2,norm_name_address_country,100.0,100.0,1.0,0.0,0.0,0.0
test_source2,aggr_name__sample1M,100.0,13.0,0.13,12.0,14.0,8.25
test_source2,aggr_address__sample1M,100.0,100.0,1.0,0.0,0.0,0.0
test_source3,raw_name,100.0,90.0,0.9,10.0,2.0,2.0
test_source3,norm_name,100.0,90.0,0.9,10.0,2.0,2.0
test_source3,raw_address,100.0,100.0,1.0,0.0,0.0,0.0
test_source3,norm_address,100.0,100.0,1.0,0.0,0.0,0.0
test_source3,raw_name_address,100.0,100.0,1.0,0.0,0.0,0.0
test_source3,norm_name_address,100.0,100.0,1.0,0.0,0.0,0.0
test_source3,norm_name_address_country,100.0,100.0,1.0,0.0,0.0,0.0
test_source3,aggr_name__sample1M,100.0,14.0,0.14,9.0,14.0,10.556
test_source3,aggr_address__sample1M,100.0,100.0,1.0,0.0,0.0,0.0
