source1_entity_id,candidate_entity_id,source_pair,hit_exact_norm_name,hit_exact_rare_name_token,hit_exact_postcode,hit_name_tfidf_top20,hit_name_tfidf_top50,hit_address_tfidf_top20,hit_address_tfidf_top50,hit_union_all,n_blockers_hit,rescued_only_by
S1-00001,S2-00001,S1_S2,0,0,1,1,1,1,1,1,5,multiple
S1-00003,S3-00001,S1_S3,1,0,1,1,1,1,1,1,6,multiple
S1-00004,S2-00002,S1_S2,1,0,1,1,1,1,1,1,6,multiple
S1-00006,S2-00003,S1_S2,1,0,1,1,1,1,1,1,6,multiple
S1-00006,S2-00004,S1_S2,1,0,1,1,1,1,1,1,6,multiple
S1-00006,S3-00002,S1_S3,1,0,1,1,1,1,1,1,6,multiple
S1-00008,S3-00003,S1_S3,0,0,1,0,1,1,1,1,4,multiple
S1-00011,S3-00004,S1_S3,1,0,1,1,1,1,1,1,6,multiple
S1-00011,S3-00005,S1_S3,1,0,1,1,1,1,1,1,6,multiple
S1-00011,S2-00005,S1_S2,1,0,1,1,1,1,1,1,6,multiple
S1-00013,S2-00006,S1_S2,1,0,1,1,1,1,1,1,6,multiple
S1-00014,S2-00007,S1_S2,1,0,1,1,1,1,1,1,6,multiple
S1-00015,S3-00006,S1_S3,1,0,1,1,1,1,1,1,6,multiple
S1-00016,S3-00007,S1_S3,1,0,1,1,1,1,1,1,6,multiple
S1-00018,S2-00008,S1_S2,1,0,1,1,1,1,1,1,6,multiple
S1-00018,S2-00009,S1_S2,0,0,1,1,1,1,1,1,5,multiple
S1-00019,S2-00010,S1_S2,1,0,1,1,1,1,1,1,6,multiple
S1-00019,S3-00008,S1_S3,0,0,1,0,1,0,1,1,3,multiple
S1-00021,S3-00009,S1_S3,1,0,1,1,1,1,1,1,6,multiple
S1-00021,S3-00010,S1_S3,1,0,1,1,1,1,1,1,6,multiple
S1-00023,S3-00011,S1_S3,1,0,1,1,1,1,1,1,6,multiple
S1-00024,S2-00011,S1_S2,1,0,1,1,1,1,1,1,6,multiple
S1-00027,S2-00012,S1_S2,1,0,1,1,1,1,1,1,6,multiple
S1-00028,S2-00013,S1_S2,0,0,1,0,0,1,1,1,3,multiple
S1-00028,S3-00012,S1_S3,1,0,1,1,1,1,1,1,6,multiple
S1-00028,S3-00013,S1_S3,1,0,1,1,1,1,1,1,6,multiple
S1-00029,S2-00014,S1_S2,0,0,1,1,1,1,1,1,5,multiple
S1-00029,S2-00015,S1_S2,1,0,1,1,1,1,1,1,6,multiple
S1-00030,S2-00016,S1_S2,1,0,1,1,1,1,1,1,6,multiple
S1-00031,S2-00017,S1_S2,1,0,1,1,1,1,1,1,6,multiple
S1-00032,S2-00018,S1_S2,0,0,1,0,1,1,1,1,4,multiple
S1-00033,S2-00019,S1_S2,1,0,1,1,1,1,1,1,6,multiple
S1-00034,S3-00014,S1_S3,1,0,1,1,1,1,1,1,6,multiple
S1-00035,S2-00020,S1_S2,1,0,1,1,1,1,1,1,6,multiple
S1-00038,S3-00015,S1_S3,1,0,1,1,1,1,1,1,6,multiple
S1-00039,S2-00021,S1_S2,1,0,1,1,1,1,1,1,6,multiple
S1-00039,S2-00022,S1_S2,1,0,1,1,1,1,1,1,6,multiple
S1-00040,S2-00023,S1_S2,1,0,1,1,1,1,1,1,6,multiple
S1-00041,S2-00024,S1_S2,1,0,1,1,1,1,1,1,6,multiple
S1-00043,S3-00016,S1_S3,1,0,1,1,1,1,1,1,6,multiple
S1-00043,S3-00017,S1_S3,1,0,1,1,1,1,1,1,6,multiple
S1-00044,S2-00025,S1_S2,1,0,1,1,1,1,1,1,6,multiple
S1-00044,S2-00026,S1_S2,1,0,1,1,1,1,1,1,6,multiple
S1-00044,S2-00027,S1_S2,1,0,1,1,1,1,1,1,6,multiple
S1-00046,S3-00018,S1_S3,1,0,1,1,1,1,1,1,6,multiple
S1-00046,S3-00019,S1_S3,1,0,1,1,1,1,1,1,6,multiple
S1-00046,S3-00020,S1_S3,1,0,1,1,1,1,1,1,6,multiple
S1-00047,S2-00028,S1_S2,1,0,1,1,1,1,1,1,6,multiple
S1-00048,S2-00029,S1_S2,0,0,1,1,1,1,1,1,5,multiple
S1-00049,S2-00030,S1_S2,1,0,1,1,1,1,1,1,6,multiple
S1-00052,S3-00021,S1_S3,1,0,1,1,1,1,1,1,6,multiple
S1-00052,S3-00022,S1_S3,1,0,1,1,1,1,1,1,6,multiple
S1-00052,S2-00031,S1_S2,1,0,1,1,1,1,1,1,6,multiple
S1-00054,S3-00023,S1_S3,1,0,1,1,1,1,1,1,6,multiple
S1-00056,S2-00032,S1_S2,1,0,1,1,1,1,1,1,6,multiple
S1-00056,S2-00033,S1_S2,0,0,1,1,1,1,1,1,5,multiple
S1-00056,S3-00024,S1_S3,0,0,1,1,1,1,1,1,5,multiple
S1-00059,S3-00025,S1_S3,1,0,1,1,1,1,1,1,6,multiple
S1-00060,S3-00026,S1_S3,1,0,1,1,1,1,1,1,6,multiple
S1-00060,S2-00034,S1_S2,1,0,0,1,1,1,1,1,5,multiple
S1-00061,S3-00027,S1_S3,0,0,1,1,1,1,1,1,5,multiple
S1-00061,S2-00035,S1_S2,0,0,1,1,1,1,1,1,5,multiple
S1-00061,S3-00028,S1_S3,1,0,1,1,1,1,1,1,6,multiple
S1-00062,S2-00036,S1_S2,1,0,1,1,1,1,1,1,6,multiple
S1-00063,S3-00029,S1_S3,1,0,0,1,1,1,1,1,5,multiple
S1-00064,S2-00037,S1_S2,0,0,1,1,1,1,1,1,5,multiple
S1-00065,S3-00030,S1_S3,1,0,1,1,1,1,1,1,6,multiple
S1-00069,S2-00038,S1_S2,1,0,1,1,1,1,1,1,6,multiple
S1-00071,S2-00039,S1_S2,0,0,1,0,1,1,1,1,4,multiple
S1-00071,S2-00040,S1_S2,1,0,1,1,1,1,1,1,6,multiple
S1-00072,S2-00041,S1_S2,1,0,1,1,1,1,1,1,6,multiple
S1-00072,S2-00042,S1_S2,1,0,1,1,1,1,1,1,6,multiple
S1-00073,S3-00031,S1_S3,0,0,1,0,1,1,1,1,4,multiple
S1-00074,S2-00043,S1_S2,0,0,1,1,1,1,1,1,5,multiple
S1-00075,S3-00032,S1_S3,0,0,1,1,1,1,1,1,5,multiple
S1-00075,S2-00044,S1_S2,1,0,1,1,1,1,1,1,6,multiple
S1-00077,S3-00033,S1_S3,1,0,1,1,1,1,1,1,6,multiple
S1-00077,S2-00045,S1_S2,1,0,1,1,1,1,1,1,6,multiple
S1-00079,S2-00046,S1_S2,0,0,1,0,1,1,1,1,4,multiple
S1-00079,S3-00034,S1_S3,1,0,0,1,1,1,1,1,5,multiple
S1-00080,S2-00047,S1_S2,1,0,1,1,1,1,1,1,6,multiple
S1-00080,S2-00048,S1_S2,1,0,1,1,1,1,1,1,6,multiple
S1-00081,S2-00049,S1_S2,1,0,1,1,1,1,1,1,6,multiple
S1-00082,S3-00035,S1_S3,1,0,0,1,1,1,1,1,5,multiple
S1-00083,S2-00050,S1_S2,1,0,1,1,1,1,1,1,6,multiple
S1-00084,S2-00051,S1_S2,0,0,1,0,1,1,1,1,4,multiple
S1-00085,S2-00052,S1_S2,1,0,1,1,1,1,1,1,6,multiple
S1-00087,S2-00053,S1_S2,1,0,1,1,1,1,1,1,6,multiple
S1-00087,S2-00054,S1_S2,1,0,1,1,1,1,1,1,6,multiple
S1-00088,S2-00055,S1_S2,1,0,1,1,1,1,1,1,6,multiple
S1-00088,S3-00036,S1_S3,1,0,1,1,1,1,1,1,6,multiple
S1-00089,S3-00037,S1_S3,0,0,1,1,1,1,1,1,5,multiple
S1-00090,S3-00038,S1_S3,1,0,1,1,1,1,1,1,6,multiple
S1-00090,S2-00056,S1_S2,1,0,0,1,1,1,1,1,5,multiple
S1-00091,S3-00039,S1_S3,0,0,1,0,1,1,1,1,4,multiple
S1-00091,S2-00057,S1_S2,1,0,1,1,1,1,1,1,6,multiple
S1-00092,S3-00040,S1_S3,1,0,1,1,1,1,1,1,6,multiple
S1-00093,S3-00041,S1_S3,0,0,1,1,1,1,1,1,5,multiple
S1-00093,S2-00058,S1_S2,1,0,1,1,1,1,1,1,6,multiple
S1-00094,S3-00042,S1_S3,1,0,1,1,1,1,1,1,6,multiple
S1-00094,S2-00059,S1_S2,1,0,1,1,1,1,1,1,6,multiple
S1-00094,S3-00043,S1_S3,1,0,1,1,1,1,1,1,6,multiple
S1-00095,S2-00060,S1_S2,0,0,1,1,1,1,1,1,5,multiple
S1-00097,S2-00061,S1_S2,1,0,1,1,1,1,1,1,6,multiple
S1-00098,S2-00062,S1_S2,1,0,0,1,1,1,1,1,5,multiple
S1-00100,S3-00044,S1_S3,1,0,1,1,1,1,1,1,6,multiple
S1-00100,S2-00063,S1_S2,1,0,1,1,1,1,1,1,6,multiple
S1-00101,S3-00045,S1_S3,0,0,1,1,1,1,1,1,5,multiple
S1-00101,S2-00064,S1_S2,1,0,1,1,1,1,1,1,6,multiple
S1-00102,S3-00046,S1_S3,1,0,1,1,1,1,1,1,6,multiple
S1-00103,S2-00065,S1_S2,1,0,1,1,1,1,1,1,6,multiple
S1-00104,S3-00047,S1_S3,1,0,1,1,1,1,1,1,6,multiple
S1-00104,S2-00066,S1_S2,1,0,1,1,1,1,1,1,6,multiple
S1-00104,S3-00048,S1_S3,1,0,1,1,1,1,1,1,6,multiple
S1-00105,S2-00067,S1_S2,1,0,1,1,1,1,1,1,6,multiple
S1-00105,S2-00068,S1_S2,1,0,1,1,1,1,1,1,6,multiple
S1-00107,S2-00069,S1_S2,1,0,1,1,1,1,1,1,6,multiple
S1-00111,S3-00049,S1_S3,0,0,1,0,1,1,1,1,4,multiple
S1-00111,S3-00050,S1_S3,1,0,1,1,1,1,1,1,6,multiple
S1-00111,S3-00051,S1_S3,0,0,1,1,1,1,1,1,5,multiple
S1-00112,S3-00052,S1_S3,1,0,1,1,1,1,1,1,6,multiple
S1-00112,S3-00053,S1_S3,1,0,1,1,1,1,1,1,6,multiple
S1-00113,S2-00070,S1_S2,1,0,1,1,1,1,1,1,6,multiple
S1-00114,S2-00071,S1_S2,1,0,1,1,1,1,1,1,6,multiple
S1-00114,S2-00072,S1_S2,1,0,1,1,1,1,1,1,6,multiple
S1-00115,S2-00073,S1_S2,1,0,1,1,1,1,1,1,6,multiple
S1-00117,S2-00074,S1_S2,1,0,1,1,1,1,1,1,6,multiple
S1-00118,S2-00075,S1_S2,1,0,1,1,1,1,1,1,6,multiple
S1-00122,S2-00076,S1_S2,1,0,0,1,1,1,1,1,5,multiple
S1-00123,S2-00077,S1_S2,1,0,1,1,1,1,1,1,6,multiple
S1-00124,S3-00054,S1_S3,1,0,1,1,1,1,1,1,6,multiple
S1-00124,S2-00078,S1_S2,1,0,0,1,1,1,1,1,5,multiple
S1-00125,S2-00079,S1_S2,1,0,1,1,1,1,1,1,6,multiple
S1-00126,S2-00080,S1_S2,1,0,1,1,1,1,1,1,6,multiple
S1-00126,S3-00055,S1_S3,1,0,1,1,1,1,1,1,6,multiple
S1-00127,S3-00056,S1_S3,1,0,0,1,1,1,1,1,5,multiple
S1-00128,S3-00057,S1_S3,0,0,1,1,1,1,1,1,5,multiple
S1-00131,S3-00058,S1_S3,1,0,0,1,1,1,1,1,5,multiple
S1-00131,S2-00081,S1_S2,1,0,1,1,1,1,1,1,6,multiple
S1-00131,S2-00082,S1_S2,1,0,1,1,1,1,1,1,6,multiple
S1-00133,S3-00059,S1_S3,1,0,1,1,1,1,1,1,6,multiple
S1-00134,S2-00083,S1_S2,1,0,1,1,1,1,1,1,6,multiple
S1-00134,S3-00060,S1_S3,0,0,1,0,1,1,1,1,4,multiple
S1-00135,S2-00084,S1_S2,0,0,1,1,1,1,1,1,5,multiple
S1-00136,S2-00085,S1_S2,1,0,1,1,1,1,1,1,6,multiple
S1-00137,S3-00061,S1_S3,1,0,1,1,1,1,1,1,6,multiple
S1-00142,S3-00062,S1_S3,1,0,1,1,1,1,1,1,6,multiple
S1-00142,S3-00063,S1_S3,1,0,1,1,1,1,1,1,6,multiple
S1-00144,S3-00064,S1_S3,0,0,1,0,1,1,1,1,4,multiple
S1-00145,S2-00086,S1_S2,0,0,1,1,1,1,1,1,5,multiple
S1-00150,S3-00065,S1_S3,1,0,1,1,1,1,1,1,6,multiple
S1-00151,S3-00066,S1_S3,1,0,1,1,1,1,1,1,6,multiple
S1-00151,S3-00067,S1_S3,1,0,1,1,1,1,1,1,6,multiple
S1-00151,S3-00068,S1_S3,1,0,1,1,1,1,1,1,6,multiple
S1-00152,S2-00087,S1_S2,0,0,1,1,1,1,1,1,5,multiple
S1-00152,S2-00088,S1_S2,0,0,1,0,1,1,1,1,4,multiple
S1-00154,S2-00089,S1_S2,1,0,1,1,1,1,1,1,6,multiple
S1-00154,S2-00090,S1_S2,1,0,1,1,1,1,1,1,6,multiple
S1-00155,S2-00091,S1_S2,1,0,1,1,1,1,1,1,6,multiple
S1-00156,S3-00069,S1_S3,1,0,1,1,1,1,1,1,6,multiple
S1-00158,S3-00070,S1_S3,1,0,1,1,1,1,1,1,6,multiple
S1-00160,S2-00092,S1_S2,0,0,1,1,1,1,1,1,5,multiple
S1-00162,S2-00093,S1_S2,0,0,1,0,1,1,1,1,4,multiple
S1-00162,S2-00094,S1_S2,1,0,1,1,1,1,1,1,6,multiple
S1-00163,S3-00071,S1_S3,1,0,1,1,1,1,1,1,6,multiple
S1-00164,S3-00072,S1_S3,1,0,1,1,1,1,1,1,6,multiple
S1-00167,S3-00073,S1_S3,0,0,1,0,1,1,1,1,4,multiple
S1-00171,S3-00074,S1_S3,1,0,1,1,1,1,1,1,6,multiple
S1-00172,S2-00095,S1_S2,0,0,1,1,1,1,1,1,5,multiple
S1-00172,S2-00096,S1_S2,1,0,1,1,1,1,1,1,6,multiple
S1-00175,S3-00075,S1_S3,1,0,1,1,1,1,1,1,6,multiple
S1-00176,S3-00076,S1_S3,1,0,1,1,1,1,1,1,6,multiple
S1-00176,S2-00097,S1_S2,0,0,1,0,0,1,1,1,3,multiple
S1-00176,S3-00077,S1_S3,0,0,1,0,0,1,1,1,3,multiple
S1-00177,S3-00078,S1_S3,0,0,1,0,1,1,1,1,4,multiple
S1-00177,S3-00079,S1_S3,1,0,1,1,1,1,1,1,6,multiple
S1-00177,S3-00080,S1_S3,1,0,1,1,1,1,1,1,6,multiple
S1-00179,S2-00098,S1_S2,0,0,1,1,1,1,1,1,5,multiple
S1-00180,S2-00099,S1_S2,1,0,0,1,1,1,1,1,5,multiple
S1-00181,S3-00081,S1_S3,1,0,1,1,1,1,1,1,6,multiple
S1-00182,S3-00082,S1_S3,1,0,1,1,1,1,1,1,6,multiple
S1-00183,S3-00083,S1_S3,1,0,1,1,1,1,1,1,6,multiple
S1-00184,S2-00100,S1_S2,1,0,1,1,1,1,1,1,6,multiple
S1-00184,S2-00101,S1_S2,1,0,1,1,1,1,1,1,6,multiple
S1-00185,S3-00084,S1_S3,1,0,1,1,1,1,1,1,6,multiple
S1-00185,S2-00102,S1_S2,1,0,1,1,1,1,1,1,6,multiple
S1-00185,S3-00085,S1_S3,1,0,1,1,1,1,1,1,6,multiple
S1-00186,S3-00086,S1_S3,0,0,1,1,1,1,1,1,5,multiple
S1-00186,S2-00103,S1_S2,1,0,1,1,1,1,1,1,6,multiple
S1-00186,S3-00087,S1_S3,1,0,0,1,1,1,1,1,5,multiple
S1-00188,S3-00088,S1_S3,1,0,1,1,1,1,1,1,6,multiple
S1-00189,S3-00089,S1_S3,0,0,1,1,1,1,1,1,5,multiple
S1-00191,S2-00104,S1_S2,1,0,1,1,1,1,1,1,6,multiple
S1-00191,S2-00105,S1_S2,1,0,1,1,1,1,1,1,6,multiple
S1-00192,S3-00090,S1_S3,1,0,1,1,1,1,1,1,6,multiple
S1-00192,S3-00091,S1_S3,1,0,1,1,1,1,1,1,6,multiple
S1-00192,S3-00092,S1_S3,1,0,1,1,1,1,1,1,6,multiple
S1-00193,S2-00106,S1_S2,1,0,1,1,1,1,1,1,6,multiple
S1-00193,S3-00093,S1_S3,1,0,1,1,1,1,1,1,6,multiple
S1-00193,S3-00094,S1_S3,1,0,1,1,1,1,1,1,6,multiple
S1-00194,S3-00095,S1_S3,0,0,1,0,0,1,1,1,3,multiple
S1-00194,S3-00096,S1_S3,1,0,1,1,1,1,1,1,6,multiple
S1-00195,S2-00107,S1_S2,1,0,1,1,1,1,1,1,6,multiple
S1-00195,S2-00108,S1_S2,1,0,1,1,1,1,1,1,6,multiple
S1-00196,S2-00109,S1_S2,1,0,1,1,1,1,1,1,6,multiple
S1-00196,S2-00110,S1_S2,0,0,1,0,0,1,1,1,3,multiple
S1-00197,S2-00111,S1_S2,1,0,1,1,1,1,1,1,6,multiple
S1-00197,S3-00097,S1_S3,1,0,1,1,1,1,1,1,6,multiple
S1-00198,S2-00112,S1_S2,0,0,1,1,1,1,1,1,5,multiple
S1-00199,S2-00113,S1_S2,1,0,1,1,1,1,1,1,6,multiple
S1-00200,S2-00114,S1_S2,0,0,1,1,1,1,1,1,5,multiple
S1-00201,S3-00098,S1_S3,0,0,1,1,1,1,1,1,5,multiple
S1-00202,S3-00099,S1_S3,1,0,1,1,1,1,1,1,6,multiple
S1-00203,S3-00100,S1_S3,1,0,1,1,1,1,1,1,6,multiple
S1-00206,S3-00101,S1_S3,1,0,1,1,1,1,1,1,6,multiple
S1-00206,S2-00115,S1_S2,1,0,1,1,1,1,1,1,6,multiple
S1-00206,S2-00116,S1_S2,0,0,1,0,1,1,1,1,4,multiple
S1-00208,S3-00102,S1_S3,1,0,1,1,1,1,1,1,6,multiple
S1-00209,S2-00117,S1_S2,1,0,1,1,1,1,1,1,6,multiple
S1-00210,S3-00103,S1_S3,0,0,1,0,0,1,1,1,3,multiple
S1-00211,S2-00118,S1_S2,1,0,1,1,1,1,1,1,6,multiple
S1-00211,S3-00104,S1_S3,0,0,1,0,1,1,1,1,4,multiple
S1-00213,S3-00105,S1_S3,1,0,1,1,1,1,1,1,6,multiple
S1-00213,S2-00119,S1_S2,1,0,1,1,1,1,1,1,6,multiple
S1-00213,S3-00106,S1_S3,1,0,1,1,1,1,1,1,6,multiple
S1-00219,S2-00120,S1_S2,1,0,1,1,1,1,1,1,6,multiple
S1-00220,S2-00121,S1_S2,0,0,1,0,1,1,1,1,4,multiple
S1-00220,S3-00107,S1_S3,1,0,1,1,1,1,1,1,6,multiple
S1-00222,S2-00122,S1_S2,0,0,1,0,0,1,1,1,3,multiple
S1-00222,S2-00123,S1_S2,1,0,1,1,1,1,1,1,6,multiple
S1-00225,S3-00108,S1_S3,1,0,1,1,1,1,1,1,6,multiple
S1-00226,S3-00109,S1_S3,1,0,1,1,1,1,1,1,6,multiple
S1-00226,S3-00110,S1_S3,1,0,1,1,1,1,1,1,6,multiple
S1-00227,S3-00111,S1_S3,1,0,1,1,1,1,1,1,6,multiple
S1-00230,S3-00112,S1_S3,0,0,1,1,1,1,1,1,5,multiple
S1-00231,S3-00113,S1_S3,1,0,1,1,1,1,1,1,6,multiple
S1-00232,S3-00114,S1_S3,1,0,1,1,1,1,1,1,6,multiple
S1-00233,S2-00124,S1_S2,1,0,1,1,1,1,1,1,6,multiple
S1-00233,S2-00125,S1_S2,1,0,1,1,1,1,1,1,6,multiple
S1-00236,S2-00126,S1_S2,1,0,1,1,1,1,1,1,6,multiple
S1-00236,S2-00127,S1_S2,1,0,1,1,1,1,1,1,6,multiple
S1-00237,S3-00115,S1_S3,1,0,1,1,1,1,1,1,6,multiple
S1-00238,S3-00116,S1_S3,1,0,1,1,1,1,1,1,6,multiple
S1-00241,S2-00128,S1_S2,0,0,1,0,1,1,1,1,4,multiple
S1-00241,S3-00117,S1_S3,1,0,1,1,1,1,1,1,6,multiple
S1-00242,S3-00118,S1_S3,1,0,1,1,1,1,1,1,6,multiple
S1-00242,S3-00119,S1_S3,1,0,1,1,1,1,1,1,6,multiple
S1-00247,S3-00120,S1_S3,1,0,1,1,1,1,1,1,6,multiple
S1-00247,S2-00129,S1_S2,0,0,1,1,1,1,1,1,5,multiple
S1-00249,S2-00130,S1_S2,1,0,1,1,1,1,1,1,6,multiple
S1-00249,S3-00121,S1_S3,1,0,1,1,1,1,1,1,6,multiple
S1-00250,S2-00131,S1_S2,0,0,1,1,1,1,1,1,5,multiple
S1-00250,S2-00132,S1_S2,1,0,0,1,1,1,1,1,5,multiple
S1-00251,S2-00133,S1_S2,1,0,1,1,1,1,1,1,6,multiple
S1-00251,S3-00122,S1_S3,1,0,1,1,1,1,1,1,6,multiple
S1-00251,S3-00123,S1_S3,1,0,1,1,1,1,1,1,6,multiple
S1-00253,S3-00124,S1_S3,1,0,1,1,1,1,1,1,6,multiple
S1-00253,S2-00134,S1_S2,0,0,1,0,1,1,1,1,4,multiple
S1-00254,S2-00135,S1_S2,1,0,1,1,1,1,1,1,6,multiple
S1-00256,S3-00125,S1_S3,1,0,1,1,1,1,1,1,6,multiple
S1-00259,S2-00136,S1_S2,0,0,1,1,1,1,1,1,5,multiple
S1-00259,S2-00137,S1_S2,1,0,1,1,1,1,1,1,6,multiple
S1-00260,S2-00138,S1_S2,1,0,1,1,1,1,1,1,6,multiple
S1-00260,S3-00126,S1_S3,0,0,1,0,0,1,1,1,3,multiple
S1-00261,S3-00127,S1_S3,1,0,1,1,1,1,1,1,6,multiple
S1-00262,S3-00128,S1_S3,0,0,1,0,1,1,1,1,4,multiple
S1-00263,S3-00129,S1_S3,1,0,1,1,1,1,1,1,6,multiple
S1-00264,S2-00139,S1_S2,1,0,1,1,1,1,1,1,6,multiple
S1-00265,S2-00140,S1_S2,0,0,1,0,0,1,1,1,3,multiple
S1-00266,S2-00141,S1_S2,1,0,1,1,1,0,1,1,5,multiple
S1-00266,S3-00130,S1_S3,1,0,1,1,1,1,1,1,6,multiple
S1-00266,S3-00131,S1_S3,1,0,1,1,1,1,1,1,6,multiple
S1-00267,S3-00132,S1_S3,0,0,1,1,1,1,1,1,5,multiple
S1-00267,S2-00142,S1_S2,1,0,1,1,1,1,1,1,6,multiple
S1-00268,S2-00143,S1_S2,1,0,1,1,1,1,1,1,6,multiple
S1-00268,S3-00133,S1_S3,1,0,1,1,1,1,1,1,6,multiple
S1-00268,S3-00134,S1_S3,1,0,0,1,1,1,1,1,5,multiple
S1-00269,S2-00144,S1_S2,1,0,1,1,1,1,1,1,6,multiple
S1-00269,S3-00135,S1_S3,1,0,1,1,1,1,1,1,6,multiple
S1-00270,S3-00136,S1_S3,1,0,1,1,1,1,1,1,6,multiple
S1-00271,S3-00137,S1_S3,0,0,1,1,1,1,1,1,5,multiple
S1-00271,S3-00138,S1_S3,0,0,1,1,1,1,1,1,5,multiple
S1-00272,S3-00139,S1_S3,1,0,1,1,1,1,1,1,6,multiple
S1-00272,S3-00140,S1_S3,1,0,1,1,1,1,1,1,6,multiple
S1-00273,S2-00145,S1_S2,1,0,1,1,1,1,1,1,6,multiple
S1-00273,S2-00146,S1_S2,1,0,1,1,1,1,1,1,6,multiple
S1-00278,S3-00141,S1_S3,1,0,0,1,1,1,1,1,5,multiple
S1-00279,S2-00147,S1_S2,1,0,1,1,1,1,1,1,6,multiple
S1-00280,S3-00142,S1_S3,0,0,1,1,1,1,1,1,5,multiple
S1-00282,S2-00148,S1_S2,0,0,1,1,1,1,1,1,5,multiple
S1-00283,S3-00143,S1_S3,0,0,1,0,1,1,1,1,4,multiple
S1-00283,S3-00144,S1_S3,1,0,1,1,1,1,1,1,6,multiple
S1-00283,S2-00149,S1_S2,0,0,1,0,1,1,1,1,4,multiple
S1-00284,S2-00150,S1_S2,1,0,1,1,1,1,1,1,6,multiple
S1-00285,S2-00151,S1_S2,1,0,1,1,1,1,1,1,6,multiple
S1-00285,S3-00145,S1_S3,1,0,1,1,1,1,1,1,6,multiple
S1-00285,S3-00146,S1_S3,1,0,1,1,1,1,1,1,6,multiple
S1-00287,S3-00147,S1_S3,1,0,1,1,1,1,1,1,6,multiple
S1-00288,S2-00152,S1_S2,1,0,1,1,1,1,1,1,6,multiple
S1-00288,S2-00153,S1_S2,1,0,1,1,1,1,1,1,6,multiple
S1-00290,S3-00148,S1_S3,1,0,1,1,1,1,1,1,6,multiple
S1-00291,S3-00149,S1_S3,1,0,1,1,1,1,1,1,6,multiple
S1-00292,S3-00150,S1_S3,0,0,1,1,1,1,1,1,5,multiple
S1-00292,S3-00151,S1_S3,1,0,1,1,1,1,1,1,6,multiple
S1-00293,S3-00152,S1_S3,0,0,1,0,1,1,1,1,4,multiple
S1-00294,S3-00153,S1_S3,1,0,1,1,1,1,1,1,6,multiple
S1-00294,S2-00154,S1_S2,1,0,1,1,1,1,1,1,6,multiple
S1-00294,S2-00155,S1_S2,1,0,1,1,1,1,1,1,6,multiple
S1-00296,S3-00154,S1_S3,1,0,1,1,1,1,1,1,6,multiple
S1-00297,S2-00156,S1_S2,0,0,0,0,0,1,1,1,2,multiple
S1-00298,S2-00157,S1_S2,1,0,1,1,1,1,1,1,6,multiple
S1-00298,S2-00158,S1_S2,1,0,1,1,1,1,1,1,6,multiple
S1-00300,S2-00159,S1_S2,1,0,1,1,1,1,1,1,6,multiple
