table,country,n,n_sampled,name_len_mean,addr_len_mean,name_digit_mean,addr_digit_mean,name_punct_mean,addr_punct_mean,name_nonascii_mean,addr_nonascii_mean,name_tok_mean,addr_tok_mean,addr_numtok_mean,missing_name_rate,missing_addr_rate,char_ngram_coverage_vs_train,char_ngram_oov_vs_train,token_coverage_vs_train
test_source1,France,259452,20000,19.4152,50.1225,0.0144,1.9633,0.2432,3.4984,0.009,0.0065,3.1093,7.2272,1.03,0.0,0.0,0.824125,0.175875,0.202742
test_source1,India,809986,20000,26.309,77.7391,0.004,3.8771,0.216,6.4784,0.0,0.0,3.7416,11.2221,1.5754,0.0,0.0,0.838536,0.161464,0.412538
test_source1,US,663106,20000,22.5505,34.9836,0.0725,4.1795,0.4582,2.1782,0.0,0.0,3.4295,5.8985,1.2804,0.0,0.0,0.943847,0.056153,0.531028
test_source2,France,703378,20000,21.1303,39.55,0.0171,1.9365,0.5369,2.7804,0.0133,0.0071,3.1008,6.1909,0.9574,0.0,0.030619,0.729946,0.270054,0.157843
test_source2,India,2312565,20000,28.1577,68.7169,0.0863,4.1678,3.2156,6.5969,0.2153,0.0306,3.8139,10.1532,1.6274,0.0,0.022816,0.758832,0.241168,0.383765
test_source2,US,1871330,20000,24.2907,31.8145,0.1573,3.8502,0.6966,2.2438,0.0031,0.0,3.4815,5.4682,1.0954,0.0,0.029448,0.78954,0.21046,0.391994
test_source3,France,731615,20000,21.0999,40.0314,0.0179,1.9408,0.5428,2.8077,0.0132,0.007,3.1115,6.2403,0.9636,0.0,0.029443,0.728529,0.271471,0.155227
test_source3,India,2405000,20000,27.9087,59.429,0.087,3.8373,1.9613,6.2246,0.1146,0.0335,3.8027,9.1768,1.4685,0.0,0.024632,0.77796,0.22204,0.390639
test_source3,US,1945701,20000,24.5822,38.7587,0.1542,4.0291,0.6924,2.4196,0.003,0.0,3.5248,5.9337,1.1916,0.0,0.02843,0.784543,0.215457,0.391345
train_source1,India,883188,20000,26.3793,77.7382,0.004,3.8522,0.2147,6.4588,0.0,0.0,3.7416,11.2454,1.5768,0.0,0.0,0.843442,0.156558,0.428709
train_source1,US,1323633,20000,22.4959,34.9642,0.0732,4.1742,0.4615,2.1785,0.0,0.0,3.4198,5.8956,1.281,0.0,0.0,0.942976,0.057024,0.538074
train_source2,India,2017799,20000,27.459,67.8983,0.0809,4.083,3.0851,6.5404,0.2031,0.0322,3.7118,10.0213,1.5964,0.0,0.028668,0.766281,0.233719,0.394712
train_source2,US,3016817,20000,23.4728,31.4651,0.162,3.7658,0.7115,2.2229,0.0035,0.0,3.338,5.4207,1.076,0.0,0.036834,0.779658,0.220342,0.392686
train_source3,India,2115547,20000,26.9547,59.0341,0.0866,3.7586,1.9057,6.17,0.113,0.0338,3.6839,9.116,1.4395,0.0,0.0307,0.78347,0.21653,0.40261
train_source3,US,3170056,20000,24.0171,38.4136,0.1627,3.9804,0.714,2.3975,0.0035,0.0,3.4198,5.8712,1.1797,0.0,0.035005,0.784088,0.215912,0.390578
