table,representation,backend,n_records,n_unique,pct_unique,n_collision_groups,largest_cluster,mean_cluster_size,n_empty,n_cross_script_groups,largest_cross_script_group
train_source1,raw_name,builtin,340.0,243.0,0.714706,70.0,5.0,2.386,0,0,0
train_source1,norm_name,builtin,340.0,243.0,0.714706,70.0,5.0,2.386,0,0,0
train_source1,raw_address,builtin,340.0,339.0,0.997059,1.0,2.0,2.0,0,0,0
train_source1,norm_address,builtin,340.0,339.0,0.997059,1.0,2.0,2.0,0,0,0
train_source1,translit_name,builtin,340.0,243.0,0.714706,70.0,5.0,2.386,0,0,0
train_source1,translit_address,builtin,340.0,339.0,0.997059,1.0,2.0,2.0,0,0,0
train_source2,raw_name,builtin,339.0,268.0,0.79056,54.0,5.0,2.315,0,0,0
train_source2,norm_name,builtin,339.0,267.0,0.787611,55.0,5.0,2.309,0,0,0
train_source2,raw_address,builtin,339.0,316.0,0.932153,23.0,2.0,2.0,0,0,0
train_source2,norm_address,builtin,339.0,316.0,0.932153,23.0,2.0,2.0,0,0,0
train_source2,translit_name,builtin,339.0,268.0,0.79056,54.0,5.0,2.315,0,0,0
train_source2,translit_address,builtin,339.0,316.0,0.932153,23.0,2.0,2.0,0,0,0
train_source3,raw_name,builtin,274.0,200.0,0.729927,53.0,4.0,2.396,0,0,0
train_source3,norm_name,builtin,274.0,200.0,0.729927,53.0,4.0,2.396,0,0,0
train_source3,raw_address,builtin,274.0,254.0,0.927007,19.0,3.0,2.053,0,0,0
train_source3,norm_address,builtin,274.0,254.0,0.927007,19.0,3.0,2.053,0,0,0
train_source3,translit_name,builtin,274.0,200.0,0.729927,53.0,4.0,2.396,0,0,0
train_source3,translit_address,builtin,274.0,254.0,0.927007,19.0,3.0,2.053,0,0,0
test_source1,raw_name,builtin,120.0,105.0,0.875,14.0,3.0,2.071,0,0,0
test_source1,norm_name,builtin,120.0,105.0,0.875,14.0,3.0,2.071,0,0,0
test_source1,raw_address,builtin,120.0,120.0,1.0,0.0,0.0,0.0,0,0,0
test_source1,norm_address,builtin,120.0,120.0,1.0,0.0,0.0,0.0,0,0,0
test_source1,translit_name,builtin,120.0,105.0,0.875,14.0,3.0,2.071,0,0,0
test_source1,translit_address,builtin,120.0,120.0,1.0,0.0,0.0,0.0,0,0,0
test_source2,raw_name,builtin,100.0,91.0,0.91,8.0,3.0,2.125,0,0,0
test_source2,norm_name,builtin,100.0,91.0,0.91,8.0,3.0,2.125,0,0,0
test_source2,raw_address,builtin,100.0,100.0,1.0,0.0,0.0,0.0,0,0,0
test_source2,norm_address,builtin,100.0,100.0,1.0,0.0,0.0,0.0,0,0,0
test_source2,translit_name,builtin,100.0,91.0,0.91,8.0,3.0,2.125,0,0,0
test_source2,translit_address,builtin,100.0,100.0,1.0,0.0,0.0,0.0,0,0,0
test_source3,raw_name,builtin,100.0,90.0,0.9,10.0,2.0,2.0,0,0,0
test_source3,norm_name,builtin,100.0,90.0,0.9,10.0,2.0,2.0,0,0,0
test_source3,raw_address,builtin,100.0,100.0,1.0,0.0,0.0,0.0,0,0,0
test_source3,norm_address,builtin,100.0,100.0,1.0,0.0,0.0,0.0,0,0,0
test_source3,translit_name,builtin,100.0,90.0,0.9,10.0,2.0,2.0,0,0,0
test_source3,translit_address,builtin,100.0,100.0,1.0,0.0,0.0,0.0,0,0,0
