table,country,n,n_sampled,name_nonascii_rate,addr_nonascii_rate,name_len_mean,addr_len_mean,name_alpha_mean,name_digit_mean,name_punct_mean,name_space_mean,addr_alpha_mean,addr_digit_mean,addr_punct_mean,addr_space_mean,name_unique_chars,addr_unique_chars,name_latin_share,name_deva_share,name_cyrl_share,name_arab_share,name_mixed_share,name_other_share,addr_latin_share,addr_deva_share,addr_cyrl_share,addr_arab_share,addr_mixed_share,addr_other_share,name_trigram_vocab,addr_trigram_vocab
test_source1,France,259452,20000,0.157212,0.282653,19.405,50.095,17.028,0.014,0.253,2.111,38.378,1.966,3.513,6.238,78,86,1.0,0.0,0.0,0.0,0.0,0.0,1.0,0.0,0.0,0.0,0.0,0.0,7690,9288
test_source1,India,809986,20000,0.0,0.000574,26.366,77.74,23.4,0.004,0.217,2.744,57.206,3.845,6.459,10.229,75,89,1.0,0.0,0.0,0.0,0.0,0.0,1.0,0.0,0.0,0.0,0.0,0.0,8881,27708
test_source1,US,663106,20000,0.0,0.0,22.438,35.038,19.496,0.076,0.45,2.417,23.758,4.186,2.185,4.91,73,72,1.0,0.0,0.0,0.0,0.0,0.0,1.0,0.0,0.0,0.0,0.0,0.0,11672,14684
test_source2,France,703378,20000,0.245411,0.240501,21.124,39.6,18.362,0.018,0.553,2.192,29.666,1.937,2.763,5.234,100,84,1.0,0.0,0.0,0.0,0.0,0.0,0.955,0.0,0.0,0.0,0.0159,0.0,11789,12113
test_source2,India,2312565,20000,0.27615,0.238463,28.187,68.852,21.975,0.079,3.224,2.909,48.932,4.14,6.573,9.207,492,170,0.75975,0.1292,0.0,0.0,0.01015,0.1009,0.74615,0.0,0.0,0.0,0.2327,0.0,23907,29232
test_source2,US,1871330,20000,0.062483,2.2e-05,24.262,31.862,20.829,0.151,0.692,2.59,21.246,3.823,2.25,4.543,91,75,1.0,0.0,0.0,0.0,0.0,0.0,0.9718,0.0,0.0,0.0,0.0,0.0,18756,16363
test_source3,France,731615,20000,0.23945,0.24318,21.14,39.98,18.372,0.018,0.551,2.199,29.982,1.939,2.797,5.262,94,91,1.0,0.0,0.0,0.0,0.0,0.0,0.95685,0.0,0.0,0.0,0.01535,0.0,12077,11970
test_source3,India,2405000,20000,0.18208,0.22922,27.889,59.541,22.909,0.082,1.989,2.909,41.249,3.816,6.247,8.229,477,172,0.863,0.06875,0.0,0.0,0.01635,0.0519,0.73895,5e-05,0.0,0.0,0.2364,0.0,22748,28185
test_source3,US,1945701,20000,0.06395,1.7e-05,24.588,38.823,21.111,0.15,0.696,2.631,27.383,4.058,2.419,4.963,91,76,1.0,0.0,0.0,0.0,0.0,0.0,0.9714,0.0,0.0,0.0,0.0,0.0,19009,16939
train_source1,India,883188,20000,0.0,0.000627,26.426,77.845,23.457,0.003,0.223,2.743,57.188,3.919,6.482,10.256,72,89,1.0,0.0,0.0,0.0,0.0,0.0,1.0,0.0,0.0,0.0,0.0,0.0,9089,27787
train_source1,US,1323633,20000,0.0,0.0,22.525,34.946,19.586,0.065,0.459,2.415,23.73,4.15,2.173,4.893,75,73,1.0,0.0,0.0,0.0,0.0,0.0,1.0,0.0,0.0,0.0,0.0,0.0,11333,14548
train_source2,India,2017799,20000,0.278738,0.237088,27.374,68.146,21.363,0.074,3.133,2.804,48.375,4.098,6.582,9.091,494,171,0.76465,0.13045,0.0,0.0,0.0084,0.0965,0.7337,0.0,0.0,0.0,0.23875,0.0,23581,29356
train_source2,US,3016817,20000,0.067015,1.9e-05,23.449,31.553,20.104,0.167,0.713,2.464,21.089,3.745,2.228,4.491,91,74,1.0,0.0,0.0,0.0,0.0,0.0,0.9632,0.0,0.0,0.0,0.0,0.0,18849,16308
train_source3,India,2115547,20000,0.184903,0.225254,26.986,58.967,22.162,0.082,1.947,2.795,40.877,3.777,6.184,8.13,482,176,0.86615,0.0661,0.0,0.0,0.01705,0.0507,0.7457,0.0001,0.0,0.0,0.22205,0.0,22889,28088
train_source3,US,3170056,20000,0.068,1.6e-05,24.062,38.523,20.619,0.162,0.738,2.543,27.197,3.998,2.393,4.936,91,76,1.0,0.0,0.0,0.0,0.0,0.0,0.96575,0.0,0.0,0.0,0.0,0.0,19328,16959
