representation,granularity,bucket,n,mean,p10,p50,p90
word_token,1-grams(words),pos_latin_latin,313,0.877902,0.5,1.0,1.0
word_token,1-grams(words),pos_deva_deva,20,1.0,1.0,1.0,1.0
word_token,1-grams(words),pos_cross,20,0.0,0.0,0.0,0.0
word_token,1-grams(words),hard_neg,8000,0.375897,0.0,0.4,0.666667
word_token,1-grams(words),random_neg,3000,0.072663,0.0,0.0,0.25
char_2-4,"2,3,4",pos_latin_latin,313,0.926603,0.655845,1.0,1.0
char_2-4,"2,3,4",pos_deva_deva,20,1.0,1.0,1.0,1.0
char_2-4,"2,3,4",pos_cross,20,0.0,0.0,0.0,0.0
char_2-4,"2,3,4",hard_neg,8000,0.384743,0.0,0.35,0.8125
char_2-4,"2,3,4",random_neg,3000,0.067536,0.0,0.012195,0.220794
char_3-5,"3,4,5",pos_latin_latin,313,0.908749,0.568831,1.0,1.0
char_3-5,"3,4,5",pos_deva_deva,20,1.0,1.0,1.0,1.0
char_3-5,"3,4,5",pos_cross,20,0.0,0.0,0.0,0.0
char_3-5,"3,4,5",hard_neg,8000,0.35622,0.0,0.298148,0.8
char_3-5,"3,4,5",random_neg,3000,0.048971,0.0,0.0,0.173913
char_3-6,"3,4,5,6",pos_latin_latin,313,0.902033,0.544421,1.0,1.0
char_3-6,"3,4,5,6",pos_deva_deva,20,1.0,1.0,1.0,1.0
char_3-6,"3,4,5,6",pos_cross,20,0.0,0.0,0.0,0.0
char_3-6,"3,4,5,6",hard_neg,8000,0.344688,0.0,0.275181,0.789474
char_3-6,"3,4,5,6",random_neg,3000,0.043863,0.0,0.0,0.152211
