blocker,n_candidate_pairs,n_anchors,n_positives,s1_s2_recall,s1_s3_recall,overall_recall,avg_candidates_per_s1,p50_candidates_per_s1,p95_candidates_per_s1,max_candidates_per_s1,candidate_burden,s1_with_zero_candidates,recall_country::India,n_pos_country::India,recall_country::US,n_pos_country::US,fit_seconds,query_seconds
ivf_address_np1_top20,40000,2000,7312,0.3531712768929869,0.09590141976962228,0.22182713347921226,20.0,20.0,20.0,20,1.937943371162957e-06,0,0.26122728830990743,2917,0.1956769055745165,4395,892.1878637999762,146.34412630001316
ivf_address_np1_top50,100000,2000,7312,0.36909751327186363,0.10366997053308331,0.2335886214442013,50.0,50.0,50.0,50,4.8448584279073926e-06,0,0.27733973260198835,2917,0.20455062571103527,4395,892.1878637999762,12.57155639998382
ivf_address_np1_top100,200000,2000,7312,0.3836267113718916,0.10688454326279132,0.24234135667396062,100.0,100.0,100.0,100,9.689716855814785e-06,0,0.28899554336647243,2917,0.21137656427758816,4395,892.1878637999762,12.111023600038607
ivf_address_np4_top20,40000,2000,7312,0.3660240290583962,0.1007232788641843,0.23057986870897154,20.0,20.0,20.0,20,1.937943371162957e-06,0,0.27973945834761743,2917,0.19795221843003413,4395,892.1878637999762,40.31308579997858
ivf_address_np4_top50,100000,2000,7312,0.39033249511036605,0.11009911599249933,0.24726477024070023,50.0,50.0,50.0,50,4.8448584279073926e-06,0,0.3037367158039081,2917,0.20978384527872582,4395,892.1878637999762,31.60409499995876
ivf_address_np4_top100,200000,2000,7312,0.4062587314892428,0.11518885614787035,0.2576586433260394,100.0,100.0,100.0,100,9.689716855814785e-06,0,0.31744943435035994,2917,0.2179749715585893,4395,892.1878637999762,35.1291641999851
ivf_address_np8_top20,40000,2000,7312,0.36183291422184966,0.0996517546209483,0.22798140043763676,20.0,20.0,20.0,20,1.937943371162957e-06,0,0.2828248200205691,2917,0.19158134243458474,4395,892.1878637999762,58.23922229994787
ivf_address_np8_top50,100000,2000,7312,0.38809723386420786,0.11009911599249933,0.2461706783369803,50.0,50.0,50.0,50,4.8448584279073926e-06,0,0.3078505313678437,2917,0.20523321956769056,4395,892.1878637999762,55.649035699956585
ivf_address_np8_top100,200000,2000,7312,0.4034646549315451,0.11706402357353335,0.2572483588621444,100.0,100.0,100.0,100,9.689716855814785e-06,0,0.32464861158724717,2917,0.21251422070534698,4395,892.1878637999762,56.04376289999345
ivf_address_np16_top20,40000,2000,7312,0.324112880692931,0.08465041521564426,0.20185995623632386,20.0,20.0,20.0,20,1.937943371162957e-06,0,0.2553993829276654,2917,0.16632536973833903,4395,892.1878637999762,53.38466949999565
ivf_address_np16_top50,100000,2000,7312,0.3498183850237497,0.09616930083043129,0.22032275711159738,50.0,50.0,50.0,50,4.8448584279073926e-06,0,0.2831676379842304,2917,0.17861205915813425,4395,892.1878637999762,49.05026350001572
ivf_address_np16_top100,200000,2000,7312,0.3651858060910869,0.1028663273506563,0.2312636761487965,100.0,100.0,100.0,100,9.689716855814785e-06,0,0.29962290023997257,2917,0.18589306029579067,4395,892.1878637999762,53.66585849999683
