source1_entity_id,candidate_entity_id,source_pair,s1_country,n_hits,rescued_only_by
S1-100515729,S3-930640441,S1_S3,US,0,none
S1-100575904,S2-119093475,S1_S2,US,0,none
S1-100662140,S2-781824186,S1_S2,India,0,none
S1-100662140,S3-836547211,S1_S3,India,0,none
S1-101223740,S2-404922763,S1_S2,India,0,none
S1-102986108,S2-193226397,S1_S2,US,0,none
S1-102986108,S2-982557953,S1_S2,US,0,none
S1-103077947,S2-830367559,S1_S2,India,0,none
S1-103077947,S3-354782155,S1_S3,India,0,none
S1-103365462,S3-727423293,S1_S3,India,0,none
S1-104313700,S2-301369136,S1_S2,India,0,none
S1-105716340,S3-599786362,S1_S3,US,0,none
S1-106467296,S3-257233809,S1_S3,India,0,none
S1-107376841,S2-842139953,S1_S2,India,0,none
S1-107376841,S3-103465371,S1_S3,India,0,none
S1-107376841,S3-423787476,S1_S3,India,0,none
S1-107456804,S2-353592669,S1_S2,US,0,none
S1-109101728,S2-201970321,S1_S2,US,0,none
S1-109101728,S2-431052863,S1_S2,US,0,none
S1-109590483,S3-340791965,S1_S3,India,0,none
S1-109720718,S2-872088785,S1_S2,US,0,none
S1-109727237,S2-543813371,S1_S2,US,0,none
S1-109727237,S2-55125742,S1_S2,US,0,none
S1-109727237,S3-644732622,S1_S3,US,0,none
S1-110390231,S2-622889493,S1_S2,US,0,none
S1-110390231,S3-513137443,S1_S3,US,0,none
S1-111093057,S2-212481128,S1_S2,India,0,none
S1-111116285,S2-38056449,S1_S2,India,0,none
S1-111116285,S3-143485791,S1_S3,India,0,none
S1-111140552,S3-868479736,S1_S3,US,0,none
S1-112165960,S2-2825184,S1_S2,US,0,none
S1-112165960,S3-259751967,S1_S3,US,0,none
S1-112500013,S2-51093997,S1_S2,India,0,none
S1-112500013,S2-63948053,S1_S2,India,0,none
S1-112500013,S3-802906941,S1_S3,India,0,none
S1-113213337,S2-32153037,S1_S2,India,0,none
S1-114348738,S2-107051101,S1_S2,India,0,none
S1-114348738,S3-762025135,S1_S3,India,0,none
S1-115560570,S2-178510760,S1_S2,US,0,none
S1-115560570,S2-350595878,S1_S2,US,0,none
S1-115733041,S2-183790719,S1_S2,US,0,none
S1-11641154,S3-636531039,S1_S3,India,0,none
S1-116711454,S2-154059318,S1_S2,US,0,none
S1-118768510,S2-342047496,S1_S2,US,0,none
S1-118768510,S2-647075780,S1_S2,US,0,none
S1-118768510,S3-351969303,S1_S3,US,0,none
S1-118768510,S3-559476840,S1_S3,US,0,none
S1-120079126,S3-181710101,S1_S3,US,0,none
S1-120357142,S2-581079346,S1_S2,India,0,none
S1-120357142,S3-249250289,S1_S3,India,0,none
S1-120357142,S3-995038224,S1_S3,India,0,none
S1-120744339,S2-82000085,S1_S2,India,0,none
S1-125223578,S2-606890960,S1_S2,India,0,none
S1-125223578,S2-713601149,S1_S2,India,0,none
S1-125223578,S2-952309767,S1_S2,India,0,none
S1-127026117,S3-764799569,S1_S3,US,0,none
S1-127090406,S2-751290067,S1_S2,India,0,none
S1-127090406,S3-856774402,S1_S3,India,0,none
S1-127526060,S3-601616337,S1_S3,India,0,none
S1-127763340,S2-190979743,S1_S2,US,0,none
S1-127763340,S2-458166704,S1_S2,US,0,none
S1-127763340,S3-3708580,S1_S3,US,0,none
S1-127881326,S2-483951247,S1_S2,US,0,none
S1-127881326,S2-96176314,S1_S2,US,0,none
S1-127881326,S3-533153266,S1_S3,US,0,none
S1-128040228,S2-293760639,S1_S2,India,0,none
S1-128040228,S2-366517295,S1_S2,India,0,none
S1-128040228,S2-633384152,S1_S2,India,0,none
S1-129673842,S2-615289667,S1_S2,US,0,none
S1-130875484,S2-174538139,S1_S2,India,0,none
S1-130875484,S2-353836417,S1_S2,India,0,none
S1-132606753,S2-494945876,S1_S2,India,0,none
S1-133138448,S2-4168302,S1_S2,US,0,none
S1-133138448,S3-531155147,S1_S3,US,0,none
S1-134023008,S3-184388486,S1_S3,India,0,none
S1-134316447,S2-412792610,S1_S2,India,0,none
S1-134316447,S3-146426059,S1_S3,India,0,none
S1-134316447,S3-9223636,S1_S3,India,0,none
S1-1347939,S3-798007031,S1_S3,US,0,none
S1-135026327,S2-146091908,S1_S2,India,0,none
S1-135026327,S3-438659175,S1_S3,India,0,none
S1-135026327,S3-595285742,S1_S3,India,0,none
S1-135254658,S2-42290231,S1_S2,US,0,none
S1-135565161,S2-713276830,S1_S2,India,0,none
S1-135565161,S3-21213058,S1_S3,India,0,none
S1-135842128,S3-233006994,S1_S3,India,0,none
S1-140003239,S3-43991373,S1_S3,US,0,none
S1-140020677,S3-641684342,S1_S3,US,0,none
S1-141316462,S3-486095481,S1_S3,US,0,none
S1-142347128,S2-642171474,S1_S2,US,0,none
S1-142353255,S3-312650130,S1_S3,US,0,none
S1-142471750,S2-530438622,S1_S2,India,0,none
S1-142471750,S2-935433625,S1_S2,India,0,none
S1-142471750,S3-299964052,S1_S3,India,0,none
S1-142471750,S3-427741429,S1_S3,India,0,none
S1-142885368,S2-206497568,S1_S2,India,0,none
S1-142885368,S2-959103298,S1_S2,India,0,none
S1-142885368,S2-974631974,S1_S2,India,0,none
S1-142885368,S3-402889225,S1_S3,India,0,none
S1-143083593,S2-560148752,S1_S2,India,0,none
S1-143083593,S2-831661415,S1_S2,India,0,none
S1-143083593,S3-234764130,S1_S3,India,0,none
S1-143736231,S2-275609601,S1_S2,India,0,none
S1-143736231,S3-182468804,S1_S3,India,0,none
S1-143736231,S3-932732011,S1_S3,India,0,none
S1-14381833,S2-686186881,S1_S2,US,0,none
S1-144367152,S3-34112455,S1_S3,India,0,none
S1-144424866,S2-70154208,S1_S2,India,0,none
S1-144424866,S3-27132632,S1_S3,India,0,none
S1-144424866,S3-482409572,S1_S3,India,0,none
S1-145095598,S2-418104929,S1_S2,India,0,none
S1-145095598,S2-813932051,S1_S2,India,0,none
S1-145095598,S3-787622673,S1_S3,India,0,none
S1-146499317,S3-423890175,S1_S3,India,0,none
S1-146499317,S3-782639734,S1_S3,India,0,none
S1-146672844,S2-261731753,S1_S2,US,0,none
S1-146990250,S2-344311815,S1_S2,US,0,none
S1-148286754,S2-113097872,S1_S2,US,0,none
S1-148286754,S3-175676755,S1_S3,US,0,none
S1-148286754,S3-262613470,S1_S3,US,0,none
S1-14843711,S3-87601758,S1_S3,US,0,none
S1-148982999,S2-448820858,S1_S2,India,0,none
S1-148982999,S3-406322117,S1_S3,India,0,none
S1-149822916,S3-738934022,S1_S3,India,0,none
S1-150378836,S2-110466780,S1_S2,US,0,none
S1-15088111,S2-828553255,S1_S2,US,0,none
S1-15088111,S2-894785858,S1_S2,US,0,none
S1-151217192,S2-461130523,S1_S2,US,0,none
S1-151217192,S3-242719382,S1_S3,US,0,none
S1-151217192,S3-46793674,S1_S3,US,0,none
S1-152806625,S2-613309323,S1_S2,India,0,none
S1-153293352,S2-161649521,S1_S2,India,0,none
S1-153293352,S2-332134332,S1_S2,India,0,none
S1-153293352,S2-783480478,S1_S2,India,0,none
S1-153293352,S3-623389382,S1_S3,India,0,none
S1-153293352,S3-997863855,S1_S3,India,0,none
S1-153379057,S2-208723805,S1_S2,US,0,none
S1-153484142,S2-476335104,S1_S2,India,0,none
S1-153484142,S2-742799364,S1_S2,India,0,none
S1-153933155,S2-157444111,S1_S2,US,0,none
S1-153933155,S2-63649468,S1_S2,US,0,none
S1-153933155,S2-638534550,S1_S2,US,0,none
S1-153933155,S3-73843204,S1_S3,US,0,none
S1-153933155,S3-972667672,S1_S3,US,0,none
S1-154684053,S2-499327015,S1_S2,India,0,none
S1-154684053,S3-420852399,S1_S3,India,0,none
S1-154959463,S2-158841652,S1_S2,US,0,none
S1-156140225,S2-532256499,S1_S2,US,0,none
S1-156140225,S3-782329531,S1_S3,US,0,none
S1-156910403,S2-61160537,S1_S2,US,0,none
S1-156910403,S3-655591101,S1_S3,US,0,none
S1-157546412,S2-484619931,S1_S2,US,0,none
S1-157546412,S3-562397063,S1_S3,US,0,none
S1-15817681,S2-209253679,S1_S2,India,0,none
S1-160049327,S3-307378534,S1_S3,US,0,none
S1-160139236,S2-660378906,S1_S2,India,0,none
S1-160957902,S2-402402864,S1_S2,US,0,none
S1-161679447,S3-62392512,S1_S3,US,0,none
S1-16271883,S2-647027208,S1_S2,India,0,none
S1-16271883,S3-333230684,S1_S3,India,0,none
S1-16271883,S3-783942554,S1_S3,India,0,none
S1-163034685,S2-561694133,S1_S2,India,0,none
S1-163034685,S2-856877377,S1_S2,India,0,none
S1-163764131,S2-791813816,S1_S2,US,0,none
S1-163764131,S3-175746408,S1_S3,US,0,none
S1-164538433,S2-344146232,S1_S2,US,0,none
S1-164538433,S3-6251928,S1_S3,US,0,none
S1-165092194,S2-53716617,S1_S2,India,0,none
S1-165092194,S3-296643595,S1_S3,India,0,none
S1-165092194,S3-404006912,S1_S3,India,0,none
S1-166452409,S2-447950607,S1_S2,US,0,none
S1-169104020,S2-995366633,S1_S2,US,0,none
S1-171591149,S2-764616877,S1_S2,India,0,none
S1-171591149,S3-641518133,S1_S3,India,0,none
S1-171888730,S2-699232928,S1_S2,US,0,none
S1-172218921,S2-283036586,S1_S2,US,0,none
S1-172552403,S2-79837755,S1_S2,US,0,none
S1-172637874,S3-494709922,S1_S3,India,0,none
S1-172637874,S3-534224462,S1_S3,India,0,none
S1-172704629,S2-6182110,S1_S2,India,0,none
S1-172704629,S3-300705614,S1_S3,India,0,none
S1-172704629,S3-544708950,S1_S3,India,0,none
S1-173296986,S2-186979941,S1_S2,India,0,none
S1-173296986,S2-514056950,S1_S2,India,0,none
S1-173296986,S2-777506755,S1_S2,India,0,none
S1-173296986,S2-997763690,S1_S2,India,0,none
S1-17337924,S3-450980197,S1_S3,US,0,none
S1-174257593,S2-202884350,S1_S2,India,0,none
S1-174257593,S3-337427972,S1_S3,India,0,none
S1-174257593,S3-707354060,S1_S3,India,0,none
S1-174272903,S2-143640498,S1_S2,India,0,none
S1-174272903,S2-590640554,S1_S2,India,0,none
S1-174272903,S2-758659202,S1_S2,India,0,none
S1-174428145,S3-832980018,S1_S3,US,0,none
S1-175847817,S3-857041799,S1_S3,US,0,none
S1-176019422,S3-15599310,S1_S3,India,0,none
S1-176019422,S3-240819148,S1_S3,India,0,none
S1-177357455,S3-731187394,S1_S3,India,0,none
S1-177372613,S3-162870978,S1_S3,India,0,none
S1-178094146,S2-486669991,S1_S2,India,0,none
S1-178159787,S2-798587710,S1_S2,India,0,none
S1-178159787,S3-510679888,S1_S3,India,0,none
S1-178159787,S3-867221878,S1_S3,India,0,none
S1-178159787,S3-931765538,S1_S3,India,0,none
S1-179229721,S2-151225319,S1_S2,India,0,none
S1-179229721,S3-652123084,S1_S3,India,0,none
S1-179229721,S3-681579326,S1_S3,India,0,none
S1-179937852,S2-193958276,S1_S2,India,0,none
S1-179937852,S3-219728963,S1_S3,India,0,none
S1-181716494,S3-676141032,S1_S3,US,0,none
S1-182295048,S3-163496487,S1_S3,India,0,none
S1-182336413,S2-527915339,S1_S2,India,0,none
S1-182336413,S2-817788619,S1_S2,India,0,none
S1-182336413,S3-658133422,S1_S3,India,0,none
S1-183425390,S2-270486499,S1_S2,US,0,none
S1-183425390,S3-594491089,S1_S3,US,0,none
S1-183425390,S3-896950390,S1_S3,US,0,none
S1-183425390,S3-944424716,S1_S3,US,0,none
S1-183514613,S2-515506870,S1_S2,India,0,none
S1-183514613,S2-988391835,S1_S2,India,0,none
S1-183514613,S2-993638586,S1_S2,India,0,none
S1-183514613,S3-844536709,S1_S3,India,0,none
S1-183514613,S3-860906151,S1_S3,India,0,none
S1-183996974,S3-804194002,S1_S3,US,0,none
S1-187218198,S2-228932283,S1_S2,India,0,none
S1-188476324,S2-109394136,S1_S2,US,0,none
S1-192193411,S2-612786119,S1_S2,India,0,none
S1-192452014,S2-343829376,S1_S2,India,0,none
S1-192452014,S2-937021005,S1_S2,India,0,none
S1-192452014,S3-214313967,S1_S3,India,0,none
S1-193812456,S2-47265739,S1_S2,US,0,none
S1-193812456,S2-754959970,S1_S2,US,0,none
S1-193812456,S2-782488171,S1_S2,US,0,none
S1-194880428,S2-223072848,S1_S2,India,0,none
S1-194880428,S3-887217482,S1_S3,India,0,none
S1-195397689,S3-102039130,S1_S3,US,0,none
S1-195397689,S3-511859252,S1_S3,US,0,none
S1-196694089,S2-34883660,S1_S2,India,0,none
S1-196694089,S2-408944825,S1_S2,India,0,none
S1-196694089,S2-547730008,S1_S2,India,0,none
S1-196694089,S2-626301333,S1_S2,India,0,none
S1-196694089,S3-36547400,S1_S3,India,0,none
S1-196694089,S3-87542814,S1_S3,India,0,none
S1-196776273,S2-130503974,S1_S2,US,0,none
S1-196776273,S3-697785776,S1_S3,US,0,none
S1-198725138,S2-384306339,S1_S2,US,0,none
S1-199188979,S3-779562721,S1_S3,India,0,none
S1-201539060,S2-695043420,S1_S2,US,0,none
S1-201539060,S3-945543197,S1_S3,US,0,none
S1-201996590,S2-560970030,S1_S2,India,0,none
S1-201996590,S3-930625235,S1_S3,India,0,none
S1-202227207,S2-154762564,S1_S2,India,0,none
S1-202227207,S3-120005144,S1_S3,India,0,none
S1-202564337,S2-110559827,S1_S2,India,0,none
S1-202564337,S2-259351595,S1_S2,India,0,none
S1-203392791,S3-780876036,S1_S3,US,0,none
S1-204219090,S2-441739598,S1_S2,US,0,none
S1-205801657,S3-895036697,S1_S3,US,0,none
S1-207710257,S2-915693180,S1_S2,US,0,none
S1-208660240,S2-456052727,S1_S2,India,0,none
S1-208660240,S2-93262591,S1_S2,India,0,none
S1-208811798,S2-249788961,S1_S2,India,0,none
S1-208831472,S3-518417108,S1_S3,US,0,none
S1-209747158,S2-845648753,S1_S2,US,0,none
S1-209747158,S3-877125354,S1_S3,US,0,none
S1-212642713,S2-67945458,S1_S2,US,0,none
S1-214985129,S2-239747488,S1_S2,India,0,none
S1-214985129,S3-975743169,S1_S3,India,0,none
S1-215665677,S2-349420228,S1_S2,US,0,none
S1-215665677,S3-860812594,S1_S3,US,0,none
S1-216997813,S2-23875499,S1_S2,US,0,none
S1-216997813,S2-460112293,S1_S2,US,0,none
S1-216997813,S3-630093543,S1_S3,US,0,none
S1-217410178,S2-676489470,S1_S2,India,0,none
S1-217410178,S3-910596219,S1_S3,India,0,none
S1-217817384,S2-274811566,S1_S2,US,0,none
S1-217817384,S2-630791159,S1_S2,US,0,none
S1-217817384,S2-776791669,S1_S2,US,0,none
S1-217817384,S3-909124443,S1_S3,US,0,none
S1-218681773,S2-203714149,S1_S2,US,0,none
S1-218681773,S2-29592806,S1_S2,US,0,none
S1-218681773,S2-468127059,S1_S2,US,0,none
S1-218681773,S2-722214060,S1_S2,US,0,none
S1-218681773,S3-270459268,S1_S3,US,0,none
S1-218681773,S3-303594024,S1_S3,US,0,none
S1-218681773,S3-649693035,S1_S3,US,0,none
S1-218681773,S3-895499702,S1_S3,US,0,none
S1-218697994,S2-608416887,S1_S2,US,0,none
S1-21922080,S2-677669781,S1_S2,India,0,none
S1-21922080,S3-713937728,S1_S3,India,0,none
S1-219248179,S2-64219762,S1_S2,US,0,none
S1-221477125,S3-317838015,S1_S3,US,0,none
S1-221477125,S3-88740700,S1_S3,US,0,none
S1-222286271,S2-337084280,S1_S2,India,0,none
S1-222286271,S3-208027993,S1_S3,India,0,none
S1-223123199,S2-932137884,S1_S2,US,0,none
S1-223123199,S3-138108694,S1_S3,US,0,none
S1-223478247,S3-62113391,S1_S3,India,0,none
S1-225808165,S2-894950358,S1_S2,India,0,none
S1-225808165,S3-918158028,S1_S3,India,0,none
S1-227069200,S2-21279700,S1_S2,India,0,none
S1-227069200,S2-98989991,S1_S2,India,0,none
S1-227069200,S3-446552916,S1_S3,India,0,none
S1-227069200,S3-880042874,S1_S3,India,0,none
S1-227069200,S3-967215440,S1_S3,India,0,none
S1-227182907,S2-604918065,S1_S2,US,0,none
S1-227182907,S2-887630768,S1_S2,US,0,none
S1-227182907,S3-118377678,S1_S3,US,0,none
S1-229309809,S3-611789761,S1_S3,US,0,none
S1-229309809,S3-863191231,S1_S3,US,0,none
S1-229396758,S3-816980561,S1_S3,India,0,none
S1-230279887,S2-186053210,S1_S2,India,0,none
S1-230872533,S2-379758847,S1_S2,India,0,none
S1-230872533,S3-429978261,S1_S3,India,0,none
S1-231510129,S2-512131051,S1_S2,US,0,none
S1-231510129,S3-706878107,S1_S3,US,0,none
S1-231510129,S3-828263328,S1_S3,US,0,none
S1-234037778,S2-415130865,S1_S2,US,0,none
S1-234037778,S2-60461017,S1_S2,US,0,none
S1-234037778,S3-818148122,S1_S3,US,0,none
S1-234270538,S2-75405191,S1_S2,US,0,none
S1-234270538,S3-243530457,S1_S3,US,0,none
S1-234270538,S3-743689400,S1_S3,US,0,none
S1-234483082,S3-67275178,S1_S3,US,0,none
S1-235221543,S2-743465653,S1_S2,US,0,none
S1-235221543,S2-881470766,S1_S2,US,0,none
S1-236186753,S2-946983874,S1_S2,US,0,none
S1-236642179,S3-456038774,S1_S3,US,0,none
S1-237438275,S2-109051347,S1_S2,India,0,none
S1-237438275,S2-357032363,S1_S2,India,0,none
S1-237438275,S3-644998591,S1_S3,India,0,none
S1-238798308,S2-486832118,S1_S2,India,0,none
S1-238798308,S2-707888352,S1_S2,India,0,none
S1-238798308,S3-754656948,S1_S3,India,0,none
S1-239441540,S2-538787150,S1_S2,US,0,none
S1-239441540,S2-986325922,S1_S2,US,0,none
S1-239441540,S3-44035756,S1_S3,US,0,none
S1-239441540,S3-451774861,S1_S3,US,0,none
S1-239530518,S3-115720346,S1_S3,India,0,none
S1-239530518,S3-784187149,S1_S3,India,0,none
S1-239585973,S3-766145819,S1_S3,US,0,none
S1-239839688,S3-969431822,S1_S3,US,0,none
S1-240105214,S2-196278528,S1_S2,US,0,none
S1-240709455,S2-860715772,S1_S2,India,0,none
S1-240709455,S3-277358814,S1_S3,India,0,none
S1-241873046,S2-661971500,S1_S2,US,0,none
S1-243133571,S3-338063635,S1_S3,US,0,none
S1-243133571,S3-347319941,S1_S3,US,0,none
S1-243601682,S2-105168336,S1_S2,US,0,none
S1-243689902,S3-360748886,S1_S3,US,0,none
S1-245974134,S2-791682451,S1_S2,India,0,none
S1-246525030,S2-648023518,S1_S2,US,0,none
S1-246525030,S3-625302706,S1_S3,US,0,none
S1-246828534,S3-113504754,S1_S3,US,0,none
S1-247438931,S2-328479006,S1_S2,India,0,none
S1-247438931,S3-46321792,S1_S3,India,0,none
S1-247438931,S3-853274810,S1_S3,India,0,none
S1-247840546,S2-257386511,S1_S2,US,0,none
S1-251218301,S2-993828040,S1_S2,India,0,none
S1-251675251,S2-784906738,S1_S2,India,0,none
S1-251675251,S3-8929258,S1_S3,India,0,none
S1-251770876,S2-621484428,S1_S2,India,0,none
S1-251770876,S2-699460996,S1_S2,India,0,none
S1-253867141,S3-403347801,S1_S3,India,0,none
S1-254059706,S2-490826923,S1_S2,India,0,none
S1-254059706,S3-176197218,S1_S3,India,0,none
S1-255488675,S2-209149691,S1_S2,India,0,none
S1-255488675,S2-617090350,S1_S2,India,0,none
S1-255488675,S2-709115377,S1_S2,India,0,none
S1-25553276,S3-285277105,S1_S3,US,0,none
S1-25553276,S3-644692477,S1_S3,US,0,none
S1-25553276,S3-98669236,S1_S3,US,0,none
S1-255724863,S2-745807940,S1_S2,US,0,none
S1-255724863,S3-723747998,S1_S3,US,0,none
S1-25669749,S3-332603991,S1_S3,US,0,none
S1-256863580,S3-148752046,S1_S3,US,0,none
S1-256863580,S3-499748562,S1_S3,US,0,none
S1-257242481,S3-578140984,S1_S3,US,0,none
S1-257569751,S2-46164682,S1_S2,India,0,none
S1-257569751,S2-504873993,S1_S2,India,0,none
S1-258453972,S3-83321949,S1_S3,India,0,none
S1-259089587,S2-53409425,S1_S2,US,0,none
S1-259089587,S3-284382722,S1_S3,US,0,none
S1-259089587,S3-335816929,S1_S3,US,0,none
S1-259946481,S3-197302284,S1_S3,US,0,none
S1-262610029,S2-544834283,S1_S2,India,0,none
S1-262610029,S3-435035628,S1_S3,India,0,none
S1-262969667,S2-237168123,S1_S2,India,0,none
S1-262969667,S2-544536298,S1_S2,India,0,none
S1-26372416,S3-204231062,S1_S3,US,0,none
S1-264014937,S2-485803941,S1_S2,India,0,none
S1-264014937,S2-664893294,S1_S2,India,0,none
S1-265211270,S2-575120944,S1_S2,India,0,none
S1-265463096,S2-667352883,S1_S2,India,0,none
S1-265608792,S2-330947868,S1_S2,US,0,none
S1-265608792,S2-889178469,S1_S2,US,0,none
S1-265608792,S3-128206399,S1_S3,US,0,none
S1-265608792,S3-979293580,S1_S3,US,0,none
S1-265820703,S2-227644429,S1_S2,India,0,none
S1-265820703,S2-960278283,S1_S2,India,0,none
S1-265820703,S3-879902434,S1_S3,India,0,none
S1-265820703,S3-926363060,S1_S3,India,0,none
S1-266745738,S2-608195426,S1_S2,India,0,none
S1-266745738,S3-357454992,S1_S3,India,0,none
S1-266999900,S2-350056730,S1_S2,US,0,none
S1-269437459,S2-302278554,S1_S2,India,0,none
S1-269437459,S3-271379250,S1_S3,India,0,none
S1-269437459,S3-852374589,S1_S3,India,0,none
S1-270468266,S3-158166442,S1_S3,US,0,none
S1-270602436,S2-548714745,S1_S2,US,0,none
S1-270602436,S3-930298536,S1_S3,US,0,none
S1-271047501,S2-304727142,S1_S2,India,0,none
S1-272632223,S2-469808104,S1_S2,US,0,none
S1-272632223,S3-851678280,S1_S3,US,0,none
S1-273051805,S2-467582809,S1_S2,US,0,none
S1-273051805,S2-783085849,S1_S2,US,0,none
S1-273051805,S3-65801735,S1_S3,US,0,none
S1-273143422,S3-479974924,S1_S3,India,0,none
S1-273143422,S3-826796138,S1_S3,India,0,none
S1-273143422,S3-93005569,S1_S3,India,0,none
S1-274809473,S2-90073464,S1_S2,India,0,none
S1-274855609,S2-438296833,S1_S2,India,0,none
S1-274855609,S2-741129919,S1_S2,India,0,none
S1-274855609,S2-766408699,S1_S2,India,0,none
S1-274855609,S3-133458653,S1_S3,India,0,none
S1-274855609,S3-619390875,S1_S3,India,0,none
S1-274855609,S3-736212456,S1_S3,India,0,none
S1-274855609,S3-807384356,S1_S3,India,0,none
S1-275556950,S2-739129495,S1_S2,US,0,none
S1-276481975,S3-571781289,S1_S3,US,0,none
S1-277470949,S2-9529805,S1_S2,India,0,none
S1-277549008,S3-661988265,S1_S3,India,0,none
S1-277566168,S3-400678092,S1_S3,India,0,none
S1-278961556,S2-999068037,S1_S2,US,0,none
S1-279484486,S2-717163343,S1_S2,US,0,none
S1-279484486,S2-980962668,S1_S2,US,0,none
S1-28019485,S2-203585958,S1_S2,India,0,none
S1-28039335,S2-839666192,S1_S2,India,0,none
S1-28039335,S3-72640839,S1_S3,India,0,none
S1-284699450,S3-798649234,S1_S3,US,0,none
S1-289466389,S2-266005605,S1_S2,India,0,none
S1-289466389,S3-558851580,S1_S3,India,0,none
S1-289466389,S3-789142925,S1_S3,India,0,none
S1-289495470,S2-243812337,S1_S2,US,0,none
S1-289680295,S2-221063931,S1_S2,US,0,none
S1-291421991,S2-505416246,S1_S2,US,0,none
S1-291421991,S3-451527797,S1_S3,US,0,none
S1-293600805,S2-172564091,S1_S2,US,0,none
S1-293673568,S2-623639058,S1_S2,India,0,none
S1-293673568,S2-950382747,S1_S2,India,0,none
S1-293916464,S2-280405287,S1_S2,US,0,none
S1-293916464,S2-446392071,S1_S2,US,0,none
S1-293916464,S2-565301074,S1_S2,US,0,none
S1-293916464,S3-684217752,S1_S3,US,0,none
S1-294230734,S2-68666471,S1_S2,US,0,none
S1-294796930,S2-363403979,S1_S2,US,0,none
S1-294916288,S3-686502027,S1_S3,US,0,none
S1-295265759,S3-793020622,S1_S3,US,0,none
S1-298491991,S2-283011834,S1_S2,US,0,none
S1-299046429,S3-440681273,S1_S3,India,0,none
S1-299046429,S3-588076343,S1_S3,India,0,none
S1-299046429,S3-994803574,S1_S3,India,0,none
S1-299164722,S2-451851258,S1_S2,India,0,none
S1-300227445,S2-83401939,S1_S2,India,0,none
S1-300227445,S3-619577277,S1_S3,India,0,none
S1-300227445,S3-901974213,S1_S3,India,0,none
S1-300743711,S2-459669616,S1_S2,India,0,none
S1-300780707,S2-534946635,S1_S2,India,0,none
S1-300780707,S3-218953011,S1_S3,India,0,none
S1-301203315,S2-353702375,S1_S2,India,0,none
S1-301203315,S2-716710059,S1_S2,India,0,none
S1-301203315,S2-869173827,S1_S2,India,0,none
S1-301203315,S3-232716428,S1_S3,India,0,none
S1-301203315,S3-8043741,S1_S3,India,0,none
S1-301405675,S2-978776414,S1_S2,US,0,none
S1-301405675,S3-325146578,S1_S3,US,0,none
S1-301405675,S3-401092954,S1_S3,US,0,none
S1-301405675,S3-421979893,S1_S3,US,0,none
S1-301405675,S3-589948759,S1_S3,US,0,none
S1-301467957,S2-357309183,S1_S2,US,0,none
S1-30203446,S3-875017493,S1_S3,US,0,none
S1-302308549,S2-84953690,S1_S2,US,0,none
S1-302308549,S2-964273145,S1_S2,US,0,none
S1-305132798,S2-5123934,S1_S2,India,0,none
S1-305132798,S2-706212143,S1_S2,India,0,none
S1-305132798,S3-49340184,S1_S3,India,0,none
S1-306651355,S3-917672313,S1_S3,US,0,none
S1-307297295,S2-240780351,S1_S2,US,0,none
S1-308821408,S2-538190024,S1_S2,US,0,none
S1-308821408,S3-820481179,S1_S3,US,0,none
S1-31019271,S2-173996989,S1_S2,India,0,none
S1-31019271,S2-803395538,S1_S2,India,0,none
S1-310246194,S2-721210492,S1_S2,US,0,none
S1-311450058,S3-405715250,S1_S3,US,0,none
S1-311616100,S2-541444844,S1_S2,India,0,none
S1-311616100,S2-698736513,S1_S2,India,0,none
S1-311616100,S3-200700059,S1_S3,India,0,none
S1-311616100,S3-300907429,S1_S3,India,0,none
S1-311616100,S3-844457623,S1_S3,India,0,none
S1-31285744,S2-203308242,S1_S2,India,0,none
S1-31285744,S3-109483759,S1_S3,India,0,none
S1-313054009,S2-464287951,S1_S2,India,0,none
S1-313054009,S3-727353324,S1_S3,India,0,none
S1-313719008,S3-759014243,S1_S3,India,0,none
S1-313810955,S2-999665338,S1_S2,US,0,none
S1-313810955,S3-271023119,S1_S3,US,0,none
S1-314614917,S2-256406390,S1_S2,India,0,none
S1-314614917,S3-339440851,S1_S3,India,0,none
S1-316953327,S2-105072489,S1_S2,India,0,none
S1-316953327,S2-745583267,S1_S2,India,0,none
S1-317669597,S2-442203845,S1_S2,India,0,none
S1-317669597,S2-940420578,S1_S2,India,0,none
S1-317669597,S3-258609275,S1_S3,India,0,none
S1-318204006,S2-299535780,S1_S2,US,0,none
S1-318204006,S2-487178588,S1_S2,US,0,none
S1-318204006,S3-16566718,S1_S3,US,0,none
S1-318204006,S3-655090796,S1_S3,US,0,none
S1-318932549,S2-585258121,S1_S2,US,0,none
S1-319271519,S2-23460259,S1_S2,India,0,none
S1-319271519,S3-749247660,S1_S3,India,0,none
S1-320012646,S2-33648606,S1_S2,India,0,none
S1-320012646,S2-759193850,S1_S2,India,0,none
S1-320277832,S2-149170866,S1_S2,India,0,none
S1-320277832,S2-219318430,S1_S2,India,0,none
S1-320277832,S2-250808172,S1_S2,India,0,none
S1-320277832,S2-397228480,S1_S2,India,0,none
S1-320277832,S3-488184970,S1_S3,India,0,none
S1-321026130,S2-415861353,S1_S2,India,0,none
S1-321026130,S2-630906073,S1_S2,India,0,none
S1-321026130,S2-753471487,S1_S2,India,0,none
S1-321026130,S3-978819528,S1_S3,India,0,none
S1-32246016,S2-907465325,S1_S2,US,0,none
S1-323270008,S2-397943234,S1_S2,US,0,none
S1-323270008,S2-404839060,S1_S2,US,0,none
S1-323270008,S3-32929955,S1_S3,US,0,none
S1-323270008,S3-951239358,S1_S3,US,0,none
S1-323861365,S2-326979637,S1_S2,India,0,none
S1-323861365,S2-818182906,S1_S2,India,0,none
S1-323861365,S3-659559314,S1_S3,India,0,none
S1-323861365,S3-805618740,S1_S3,India,0,none
S1-323981577,S2-300639797,S1_S2,US,0,none
S1-323981577,S2-679006301,S1_S2,US,0,none
S1-323981577,S2-819517071,S1_S2,US,0,none
S1-323981577,S2-876917492,S1_S2,US,0,none
S1-326048618,S2-574731894,S1_S2,India,0,none
S1-326048618,S3-440394418,S1_S3,India,0,none
S1-326120404,S2-134590399,S1_S2,US,0,none
S1-326120404,S2-413199353,S1_S2,US,0,none
S1-326120404,S2-472234834,S1_S2,US,0,none
S1-326120404,S3-615906842,S1_S3,US,0,none
S1-326675514,S2-949180500,S1_S2,US,0,none
S1-326675514,S3-373640039,S1_S3,US,0,none
S1-326987907,S2-866023084,S1_S2,India,0,none
S1-326987907,S3-244140324,S1_S3,India,0,none
S1-326987907,S3-67791218,S1_S3,India,0,none
S1-326987907,S3-682780280,S1_S3,India,0,none
S1-327168277,S3-411410351,S1_S3,US,0,none
S1-331189351,S2-427886059,S1_S2,US,0,none
S1-332758104,S2-40032746,S1_S2,India,0,none
S1-332758104,S3-746086893,S1_S3,India,0,none
S1-334125323,S3-213714497,S1_S3,US,0,none
S1-334305546,S2-392490080,S1_S2,India,0,none
S1-334305546,S3-264536909,S1_S3,India,0,none
S1-334305546,S3-314034304,S1_S3,India,0,none
S1-334305546,S3-343420591,S1_S3,India,0,none
S1-334305546,S3-678674561,S1_S3,India,0,none
S1-334411924,S2-721904436,S1_S2,India,0,none
S1-334411924,S2-880237967,S1_S2,India,0,none
S1-334464454,S2-281142688,S1_S2,India,0,none
S1-334464454,S3-678902466,S1_S3,India,0,none
S1-335642065,S3-121604494,S1_S3,US,0,none
S1-335642065,S3-347539089,S1_S3,US,0,none
S1-336042628,S2-893916758,S1_S2,US,0,none
S1-336246354,S2-892808124,S1_S2,India,0,none
S1-336246354,S3-17024388,S1_S3,India,0,none
S1-336246354,S3-267777447,S1_S3,India,0,none
S1-336246354,S3-481057895,S1_S3,India,0,none
S1-337056341,S2-907600980,S1_S2,India,0,none
S1-337056341,S3-594839744,S1_S3,India,0,none
S1-337204815,S3-986994666,S1_S3,US,0,none
S1-33924541,S3-972494330,S1_S3,India,0,none
S1-339442047,S2-807250179,S1_S2,US,0,none
S1-339799692,S2-72957778,S1_S2,US,0,none
S1-340323269,S3-545869643,S1_S3,India,0,none
S1-340323269,S3-610298893,S1_S3,India,0,none
S1-340906971,S2-674053470,S1_S2,US,0,none
S1-340906971,S2-822713046,S1_S2,US,0,none
S1-341400332,S2-11142639,S1_S2,US,0,none
S1-344155557,S2-392496547,S1_S2,India,0,none
S1-344155557,S2-540266950,S1_S2,India,0,none
S1-345241196,S3-384665530,S1_S3,India,0,none
S1-3457577,S2-852704572,S1_S2,India,0,none
S1-3457577,S3-989846153,S1_S3,India,0,none
S1-347617670,S2-702761643,S1_S2,India,0,none
S1-347617670,S3-666828975,S1_S3,India,0,none
S1-348258844,S2-496479147,S1_S2,India,0,none
S1-348258844,S2-873486674,S1_S2,India,0,none
S1-348258844,S3-528626862,S1_S3,India,0,none
S1-348554872,S2-475486765,S1_S2,India,0,none
S1-348554872,S2-551128643,S1_S2,India,0,none
S1-348554872,S2-726758594,S1_S2,India,0,none
S1-348554872,S3-166316402,S1_S3,India,0,none
S1-349427961,S2-789617040,S1_S2,US,0,none
S1-349684663,S2-497891080,S1_S2,US,0,none
S1-349684663,S2-6283010,S1_S2,US,0,none
S1-349684663,S3-427117501,S1_S3,US,0,none
S1-350019888,S2-897896259,S1_S2,US,0,none
S1-350239319,S2-731143173,S1_S2,India,0,none
S1-350601611,S2-673402599,S1_S2,India,0,none
S1-350791457,S3-627597411,S1_S3,US,0,none
S1-35107107,S2-26219755,S1_S2,India,0,none
S1-351261305,S2-33285344,S1_S2,US,0,none
S1-351261305,S2-906065221,S1_S2,US,0,none
S1-351261305,S3-580337178,S1_S3,US,0,none
S1-351261305,S3-763973286,S1_S3,US,0,none
S1-352316702,S2-362388984,S1_S2,US,0,none
S1-352316702,S3-519714776,S1_S3,US,0,none
S1-352316702,S3-884189290,S1_S3,US,0,none
S1-352316702,S3-91524222,S1_S3,US,0,none
S1-353017337,S3-206124880,S1_S3,US,0,none
S1-353017337,S3-828790133,S1_S3,US,0,none
S1-353361061,S3-201108345,S1_S3,US,0,none
S1-354828588,S2-812779901,S1_S2,India,0,none
S1-354828588,S3-916668817,S1_S3,India,0,none
S1-355303868,S2-932945188,S1_S2,US,0,none
S1-355613187,S2-406920406,S1_S2,India,0,none
S1-355613187,S2-601450654,S1_S2,India,0,none
S1-355613187,S2-659973351,S1_S2,India,0,none
S1-355613187,S3-395839724,S1_S3,India,0,none
S1-356105639,S2-343048402,S1_S2,India,0,none
S1-356354644,S2-629680948,S1_S2,India,0,none
S1-357024102,S2-51102164,S1_S2,US,0,none
S1-357024102,S2-789308765,S1_S2,US,0,none
S1-361515932,S3-445911845,S1_S3,US,0,none
S1-36381281,S3-103456548,S1_S3,India,0,none
S1-363817460,S2-192217724,S1_S2,US,0,none
S1-363817460,S2-894967471,S1_S2,US,0,none
S1-363817460,S3-547009628,S1_S3,US,0,none
S1-363817460,S3-751598386,S1_S3,US,0,none
S1-363912292,S3-925474917,S1_S3,US,0,none
S1-364484701,S2-777376763,S1_S2,India,0,none
S1-364484701,S3-605184216,S1_S3,India,0,none
S1-365645792,S2-702636914,S1_S2,US,0,none
S1-366827655,S3-674838460,S1_S3,India,0,none
S1-367191063,S2-205216374,S1_S2,US,0,none
S1-367915371,S2-246014557,S1_S2,US,0,none
S1-367915371,S2-945450575,S1_S2,US,0,none
S1-368651302,S3-920217821,S1_S3,US,0,none
S1-369159471,S3-663994990,S1_S3,US,0,none
S1-369418641,S2-273638325,S1_S2,US,0,none
S1-369418641,S3-194306143,S1_S3,US,0,none
S1-369418641,S3-863821082,S1_S3,US,0,none
S1-36946139,S2-2361877,S1_S2,India,0,none
S1-36946139,S3-363428315,S1_S3,India,0,none
S1-36946139,S3-374949094,S1_S3,India,0,none
S1-370708238,S2-1813189,S1_S2,US,0,none
S1-370708238,S2-27964550,S1_S2,US,0,none
S1-370708238,S2-366311403,S1_S2,US,0,none
S1-370708238,S3-966947755,S1_S3,US,0,none
S1-373224084,S3-274548838,S1_S3,US,0,none
S1-373224084,S3-291348233,S1_S3,US,0,none
S1-373887663,S2-185035822,S1_S2,India,0,none
S1-373887663,S3-541519639,S1_S3,India,0,none
S1-374014399,S3-783048723,S1_S3,US,0,none
S1-374100046,S2-205612456,S1_S2,US,0,none
S1-374100046,S3-620272876,S1_S3,US,0,none
S1-375000164,S2-770852867,S1_S2,India,0,none
S1-375159660,S3-308200420,S1_S3,US,0,none
S1-376244781,S2-678242729,S1_S2,US,0,none
S1-376244781,S3-364171122,S1_S3,US,0,none
S1-376332215,S2-164780455,S1_S2,US,0,none
S1-376332215,S3-327860262,S1_S3,US,0,none
S1-377545015,S2-355557531,S1_S2,India,0,none
S1-377545015,S2-795498497,S1_S2,India,0,none
S1-377545015,S2-912294472,S1_S2,India,0,none
S1-377545015,S3-983870203,S1_S3,India,0,none
S1-378499303,S2-710256172,S1_S2,US,0,none
S1-378499303,S3-642604799,S1_S3,US,0,none
S1-381540720,S3-606429655,S1_S3,US,0,none
S1-381676433,S3-573557323,S1_S3,India,0,none
S1-382249312,S3-733671372,S1_S3,India,0,none
S1-383048614,S3-778833253,S1_S3,US,0,none
S1-384145846,S3-991018293,S1_S3,India,0,none
S1-386769104,S2-995991065,S1_S2,US,0,none
S1-389892977,S3-773222345,S1_S3,US,0,none
S1-390359504,S2-67236273,S1_S2,US,0,none
S1-390359504,S3-400669921,S1_S3,US,0,none
S1-390359504,S3-829652692,S1_S3,US,0,none
S1-390980548,S2-397461109,S1_S2,India,0,none
S1-390980548,S3-35635136,S1_S3,India,0,none
S1-390980548,S3-455445592,S1_S3,India,0,none
S1-39110031,S2-530862778,S1_S2,India,0,none
S1-39110031,S2-921823076,S1_S2,India,0,none
S1-39110031,S3-45832284,S1_S3,India,0,none
S1-391264023,S2-861382607,S1_S2,India,0,none
S1-391264023,S3-508621407,S1_S3,India,0,none
S1-391264023,S3-64686263,S1_S3,India,0,none
S1-391264023,S3-815466228,S1_S3,India,0,none
S1-391709081,S3-923063801,S1_S3,India,0,none
S1-391950850,S2-714826290,S1_S2,India,0,none
S1-391950850,S2-966253260,S1_S2,India,0,none
S1-392337437,S2-274935484,S1_S2,India,0,none
S1-392337437,S3-578536960,S1_S3,India,0,none
S1-394636596,S2-203706030,S1_S2,US,0,none
S1-394907162,S3-764463127,S1_S3,India,0,none
S1-395120793,S2-300809985,S1_S2,US,0,none
S1-395120793,S2-419884830,S1_S2,US,0,none
S1-395120793,S2-641303741,S1_S2,US,0,none
S1-395120793,S3-392490369,S1_S3,US,0,none
S1-395120793,S3-681945960,S1_S3,US,0,none
S1-396351,S3-241155684,S1_S3,US,0,none
S1-39646146,S2-107707678,S1_S2,India,0,none
S1-39646146,S2-392754926,S1_S2,India,0,none
S1-398412172,S2-811574644,S1_S2,India,0,none
S1-398412172,S3-586650684,S1_S3,India,0,none
S1-399261507,S2-609492826,S1_S2,US,0,none
S1-400671105,S3-557116439,S1_S3,US,0,none
S1-401945130,S3-931262773,S1_S3,US,0,none
S1-402105162,S2-907715649,S1_S2,US,0,none
S1-402105162,S2-956006448,S1_S2,US,0,none
S1-402407925,S3-892036246,S1_S3,US,0,none
S1-403289482,S2-236761750,S1_S2,India,0,none
S1-403289482,S3-165056347,S1_S3,India,0,none
S1-404176129,S2-580295161,S1_S2,US,0,none
S1-404176129,S3-846653872,S1_S3,US,0,none
S1-404611185,S2-263377582,S1_S2,US,0,none
S1-404611185,S2-747342812,S1_S2,US,0,none
S1-404611185,S3-442876613,S1_S3,US,0,none
S1-405935756,S3-560560943,S1_S3,US,0,none
S1-406231487,S3-772331360,S1_S3,India,0,none
S1-406412295,S2-6580095,S1_S2,US,0,none
S1-406412295,S3-645274351,S1_S3,US,0,none
S1-407352625,S3-652778429,S1_S3,India,0,none
S1-408941682,S2-737762637,S1_S2,US,0,none
S1-408941682,S3-547926341,S1_S3,US,0,none
S1-40934960,S3-150892612,S1_S3,US,0,none
S1-410960251,S2-627961049,S1_S2,US,0,none
S1-410960251,S3-445333878,S1_S3,US,0,none
S1-410960251,S3-992115824,S1_S3,US,0,none
S1-412381392,S2-580452974,S1_S2,India,0,none
S1-412381392,S3-966646918,S1_S3,India,0,none
S1-413460215,S3-478756831,S1_S3,US,0,none
S1-413460215,S3-673819977,S1_S3,US,0,none
S1-413575118,S3-637936609,S1_S3,India,0,none
S1-413927996,S2-343641834,S1_S2,US,0,none
S1-413927996,S2-635003439,S1_S2,US,0,none
S1-413927996,S3-441201850,S1_S3,US,0,none
S1-414917952,S2-416456958,S1_S2,India,0,none
S1-414917952,S2-974198326,S1_S2,India,0,none
S1-414917952,S2-991920149,S1_S2,India,0,none
S1-414917952,S3-426919393,S1_S3,India,0,none
S1-414917952,S3-708841873,S1_S3,India,0,none
S1-415555923,S2-833070682,S1_S2,US,0,none
S1-415555923,S2-848149246,S1_S2,US,0,none
S1-415555923,S3-64334226,S1_S3,US,0,none
S1-415831445,S2-358942945,S1_S2,US,0,none
S1-415831445,S2-441055990,S1_S2,US,0,none
S1-415831445,S3-219885164,S1_S3,US,0,none
S1-415831445,S3-806205650,S1_S3,US,0,none
S1-415831445,S3-944878968,S1_S3,US,0,none
S1-415854296,S3-251789856,S1_S3,US,0,none
S1-416937850,S2-340406099,S1_S2,India,0,none
S1-417716206,S2-291689135,S1_S2,India,0,none
S1-417716206,S2-457485704,S1_S2,India,0,none
S1-417716206,S3-302851392,S1_S3,India,0,none
S1-417716206,S3-896714433,S1_S3,India,0,none
S1-418895080,S2-871103058,S1_S2,India,0,none
S1-418895080,S3-492704599,S1_S3,India,0,none
S1-418895080,S3-805792721,S1_S3,India,0,none
S1-418895080,S3-862295360,S1_S3,India,0,none
S1-419090294,S2-143720211,S1_S2,India,0,none
S1-419090294,S2-709915645,S1_S2,India,0,none
S1-419090294,S3-551673501,S1_S3,India,0,none
S1-419985263,S2-271791705,S1_S2,India,0,none
S1-419985263,S2-499819397,S1_S2,India,0,none
S1-419985263,S2-797880387,S1_S2,India,0,none
S1-419985263,S2-840911313,S1_S2,India,0,none
S1-419985263,S3-111932060,S1_S3,India,0,none
S1-420504460,S3-743402378,S1_S3,India,0,none
S1-42142634,S2-744553049,S1_S2,India,0,none
S1-42142634,S2-88235511,S1_S2,India,0,none
S1-42142634,S3-203582871,S1_S3,India,0,none
S1-422446958,S3-39381473,S1_S3,US,0,none
S1-424010232,S2-333616908,S1_S2,India,0,none
S1-424010232,S3-244010851,S1_S3,India,0,none
S1-424010232,S3-998133000,S1_S3,India,0,none
S1-424129966,S3-664281585,S1_S3,India,0,none
S1-424772865,S2-984819684,S1_S2,US,0,none
S1-424772865,S3-139752076,S1_S3,US,0,none
S1-424772865,S3-43277048,S1_S3,US,0,none
S1-424772865,S3-941083597,S1_S3,US,0,none
S1-424852212,S3-212720567,S1_S3,India,0,none
S1-42740820,S2-638242722,S1_S2,US,0,none
S1-428361086,S2-231108815,S1_S2,US,0,none
S1-428363931,S2-458285470,S1_S2,US,0,none
S1-428363931,S2-803568100,S1_S2,US,0,none
S1-428363931,S3-735383080,S1_S3,US,0,none
S1-428937485,S2-239869882,S1_S2,US,0,none
S1-429338283,S2-136352130,S1_S2,India,0,none
S1-429338283,S2-200918064,S1_S2,India,0,none
S1-429338283,S3-599161268,S1_S3,India,0,none
S1-429451154,S3-332945566,S1_S3,India,0,none
S1-429451154,S3-628243177,S1_S3,India,0,none
S1-430230415,S2-151391929,S1_S2,US,0,none
S1-430230415,S2-561871276,S1_S2,US,0,none
S1-430230415,S2-613106948,S1_S2,US,0,none
S1-430230415,S2-740294116,S1_S2,US,0,none
S1-430230415,S3-202285072,S1_S3,US,0,none
S1-430230415,S3-323550076,S1_S3,US,0,none
S1-431630847,S2-37354265,S1_S2,India,0,none
S1-431630847,S2-968230101,S1_S2,India,0,none
S1-434043254,S2-915495287,S1_S2,India,0,none
S1-434043254,S3-337423232,S1_S3,India,0,none
S1-43462802,S2-745220046,S1_S2,India,0,none
S1-43462802,S3-283431790,S1_S3,India,0,none
S1-43462802,S3-621658144,S1_S3,India,0,none
S1-435073743,S2-156848450,S1_S2,India,0,none
S1-435073743,S2-296515798,S1_S2,India,0,none
S1-436565321,S2-723518198,S1_S2,US,0,none
S1-436565321,S3-931755927,S1_S3,US,0,none
S1-436941244,S3-593782668,S1_S3,US,0,none
S1-438545861,S2-477880457,S1_S2,US,0,none
S1-438545861,S3-425392127,S1_S3,US,0,none
S1-438545861,S3-946319000,S1_S3,US,0,none
S1-440224502,S2-54055743,S1_S2,US,0,none
S1-440224502,S2-642665928,S1_S2,US,0,none
S1-440224502,S2-791138674,S1_S2,US,0,none
S1-440224502,S3-122949351,S1_S3,US,0,none
S1-440224502,S3-713165107,S1_S3,US,0,none
S1-440224502,S3-790199461,S1_S3,US,0,none
S1-440464110,S3-225653164,S1_S3,India,0,none
S1-440503419,S3-952653788,S1_S3,US,0,none
S1-440541843,S3-849512111,S1_S3,India,0,none
S1-440844199,S2-932692576,S1_S2,India,0,none
S1-44119060,S2-149610043,S1_S2,US,0,none
S1-44119060,S3-228524044,S1_S3,US,0,none
S1-44119060,S3-390191865,S1_S3,US,0,none
S1-44119060,S3-87120762,S1_S3,US,0,none
S1-441704312,S2-781760264,S1_S2,US,0,none
S1-442234640,S2-477043223,S1_S2,US,0,none
S1-442234640,S3-415454041,S1_S3,US,0,none
S1-442234640,S3-686921376,S1_S3,US,0,none
S1-443880139,S3-111499068,S1_S3,India,0,none
S1-443880139,S3-117148649,S1_S3,India,0,none
S1-445407819,S2-7361943,S1_S2,India,0,none
S1-445407819,S3-397090664,S1_S3,India,0,none
S1-449264481,S2-33792782,S1_S2,US,0,none
S1-449264481,S2-749230500,S1_S2,US,0,none
S1-449264481,S3-842460942,S1_S3,US,0,none
S1-44935196,S2-269613244,S1_S2,India,0,none
S1-44935196,S2-837957640,S1_S2,India,0,none
S1-44935196,S2-962893722,S1_S2,India,0,none
S1-44935196,S3-460597893,S1_S3,India,0,none
S1-44935196,S3-49776495,S1_S3,India,0,none
S1-44935196,S3-745757360,S1_S3,India,0,none
S1-450984037,S3-370733389,S1_S3,India,0,none
S1-450984037,S3-953177797,S1_S3,India,0,none
S1-452879845,S2-244156450,S1_S2,US,0,none
S1-452879845,S2-839075529,S1_S2,US,0,none
S1-453844268,S2-406135976,S1_S2,US,0,none
S1-453844268,S3-883396705,S1_S3,US,0,none
S1-454026731,S2-858459467,S1_S2,India,0,none
S1-454664848,S2-409458244,S1_S2,US,0,none
S1-456692010,S3-391799298,S1_S3,US,0,none
S1-456692010,S3-612221956,S1_S3,US,0,none
S1-456765069,S3-160006582,S1_S3,US,0,none
S1-456765069,S3-207952757,S1_S3,US,0,none
S1-457429811,S2-830007842,S1_S2,US,0,none
S1-457448310,S2-901473252,S1_S2,US,0,none
S1-457475773,S2-229622870,S1_S2,India,0,none
S1-457475773,S2-240459109,S1_S2,India,0,none
S1-457475773,S3-19367364,S1_S3,India,0,none
S1-457475773,S3-67621385,S1_S3,India,0,none
S1-457475773,S3-850320344,S1_S3,India,0,none
S1-457597676,S3-847372329,S1_S3,US,0,none
S1-458690705,S3-167972310,S1_S3,India,0,none
S1-459873932,S2-187528835,S1_S2,India,0,none
S1-459873932,S3-110931029,S1_S3,India,0,none
S1-462188093,S2-870419152,S1_S2,India,0,none
S1-463296325,S2-84193930,S1_S2,US,0,none
S1-46402798,S2-205437101,S1_S2,India,0,none
S1-46402798,S2-222817927,S1_S2,India,0,none
S1-464155906,S2-206865791,S1_S2,India,0,none
S1-464155906,S2-620241989,S1_S2,India,0,none
S1-464689042,S2-735509220,S1_S2,India,0,none
S1-464689042,S3-386161473,S1_S3,India,0,none
S1-465318990,S3-243085959,S1_S3,US,0,none
S1-465318990,S3-493965707,S1_S3,US,0,none
S1-465830681,S3-170746415,S1_S3,US,0,none
S1-466103096,S2-108558092,S1_S2,US,0,none
S1-466103096,S2-550124021,S1_S2,US,0,none
S1-466103096,S3-622524515,S1_S3,US,0,none
S1-466907046,S2-696080068,S1_S2,US,0,none
S1-466907046,S3-506604621,S1_S3,US,0,none
S1-466907046,S3-843643261,S1_S3,US,0,none
S1-466907046,S3-960745693,S1_S3,US,0,none
S1-469960248,S2-474074664,S1_S2,India,0,none
S1-469960248,S3-761508297,S1_S3,India,0,none
S1-471519932,S2-376137589,S1_S2,India,0,none
S1-471519932,S3-225527028,S1_S3,India,0,none
S1-471519932,S3-355438798,S1_S3,India,0,none
S1-471766031,S2-522397013,S1_S2,US,0,none
S1-471980932,S3-968559359,S1_S3,India,0,none
S1-472144082,S2-720339315,S1_S2,US,0,none
S1-472547548,S2-406852009,S1_S2,US,0,none
S1-47276072,S2-691346478,S1_S2,US,0,none
S1-47276072,S3-259520082,S1_S3,US,0,none
S1-47276072,S3-960290519,S1_S3,US,0,none
S1-47330883,S2-587300383,S1_S2,India,0,none
S1-47330883,S2-786861896,S1_S2,India,0,none
S1-47330883,S3-365425853,S1_S3,India,0,none
S1-47330883,S3-71720809,S1_S3,India,0,none
S1-473962059,S2-892134792,S1_S2,US,0,none
S1-473962059,S3-48868028,S1_S3,US,0,none
S1-474177202,S2-6178663,S1_S2,US,0,none
S1-474177202,S2-776008526,S1_S2,US,0,none
S1-474177202,S3-484597458,S1_S3,US,0,none
S1-475155062,S3-244589905,S1_S3,US,0,none
S1-475353991,S2-496446107,S1_S2,US,0,none
S1-475353991,S3-325040291,S1_S3,US,0,none
S1-475353991,S3-497181576,S1_S3,US,0,none
S1-475353991,S3-991467675,S1_S3,US,0,none
S1-476863166,S2-284211373,S1_S2,India,0,none
S1-476863166,S3-200807074,S1_S3,India,0,none
S1-476863166,S3-567877038,S1_S3,India,0,none
S1-476863166,S3-575835020,S1_S3,India,0,none
S1-476863166,S3-702225577,S1_S3,India,0,none
S1-477333267,S2-328355174,S1_S2,India,0,none
S1-477333267,S2-79623775,S1_S2,India,0,none
S1-477333267,S3-334736543,S1_S3,India,0,none
S1-47782010,S2-137895583,S1_S2,US,0,none
S1-47782010,S2-41398326,S1_S2,US,0,none
S1-47782010,S3-400175107,S1_S3,US,0,none
S1-478408254,S3-244096278,S1_S3,US,0,none
S1-478501961,S3-242042503,S1_S3,US,0,none
S1-478622752,S2-117481780,S1_S2,India,0,none
S1-478622752,S2-635132630,S1_S2,India,0,none
S1-478622752,S3-367814956,S1_S3,India,0,none
S1-478834658,S3-133017527,S1_S3,US,0,none
S1-479831259,S2-169786779,S1_S2,US,0,none
S1-479831259,S2-451467200,S1_S2,US,0,none
S1-479831259,S3-998884311,S1_S3,US,0,none
S1-48050867,S2-104518554,S1_S2,US,0,none
S1-48050867,S2-648680892,S1_S2,US,0,none
S1-48050867,S2-810706140,S1_S2,US,0,none
S1-48050867,S3-817501646,S1_S3,US,0,none
S1-480557484,S2-35141972,S1_S2,India,0,none
S1-480557484,S3-700581541,S1_S3,India,0,none
S1-480557484,S3-874764492,S1_S3,India,0,none
S1-4823936,S2-386715589,S1_S2,India,0,none
S1-4823936,S3-175594571,S1_S3,India,0,none
S1-4823936,S3-580251333,S1_S3,India,0,none
S1-482776406,S2-639751561,S1_S2,US,0,none
S1-482776406,S3-604111512,S1_S3,US,0,none
S1-482776406,S3-849978402,S1_S3,US,0,none
S1-486768303,S2-692350047,S1_S2,India,0,none
S1-488434111,S3-4776093,S1_S3,US,0,none
S1-488434111,S3-689076996,S1_S3,US,0,none
S1-489347259,S2-462119576,S1_S2,India,0,none
S1-489347259,S2-718537306,S1_S2,India,0,none
S1-489621725,S2-728603497,S1_S2,India,0,none
S1-489621725,S3-368278098,S1_S3,India,0,none
S1-489621725,S3-974902546,S1_S3,India,0,none
S1-489669299,S2-161121312,S1_S2,India,0,none
S1-489669299,S3-657907076,S1_S3,India,0,none
S1-489669299,S3-764657771,S1_S3,India,0,none
S1-490950526,S2-556962572,S1_S2,US,0,none
S1-491290733,S2-649451916,S1_S2,US,0,none
S1-491290733,S3-733300791,S1_S3,US,0,none
S1-492173835,S2-939795589,S1_S2,US,0,none
S1-493349965,S2-230251956,S1_S2,US,0,none
S1-493349965,S2-486580360,S1_S2,US,0,none
S1-495122381,S2-636161119,S1_S2,India,0,none
S1-495473850,S2-612745806,S1_S2,US,0,none
S1-495473850,S2-642035959,S1_S2,US,0,none
S1-497950600,S3-593968660,S1_S3,US,0,none
S1-498305162,S3-945430671,S1_S3,India,0,none
S1-498725431,S2-707624274,S1_S2,India,0,none
S1-498725431,S3-850469097,S1_S3,India,0,none
S1-499300291,S2-470333394,S1_S2,US,0,none
S1-500653850,S2-43248352,S1_S2,US,0,none
S1-500653850,S2-682567131,S1_S2,US,0,none
S1-501047338,S2-842373669,S1_S2,India,0,none
S1-501551224,S2-444859943,S1_S2,India,0,none
S1-501551224,S2-53848906,S1_S2,India,0,none
S1-501551224,S3-482783474,S1_S3,India,0,none
S1-50205073,S2-383187963,S1_S2,US,0,none
S1-50205073,S2-494332750,S1_S2,US,0,none
S1-50205073,S2-607016796,S1_S2,US,0,none
S1-502421824,S3-778964439,S1_S3,US,0,none
S1-502572940,S3-766067361,S1_S3,India,0,none
S1-502675077,S2-495963417,S1_S2,US,0,none
S1-503088940,S2-9782403,S1_S2,India,0,none
S1-503088940,S3-437060575,S1_S3,India,0,none
S1-503088940,S3-515673975,S1_S3,India,0,none
S1-503088940,S3-826104731,S1_S3,India,0,none
S1-505937318,S3-118319482,S1_S3,US,0,none
S1-506045425,S2-687665976,S1_S2,India,0,none
S1-506045425,S3-475161188,S1_S3,India,0,none
S1-506045425,S3-581023077,S1_S3,India,0,none
S1-507863922,S2-848591123,S1_S2,US,0,none
S1-507863922,S3-767189279,S1_S3,US,0,none
S1-50926137,S3-514758327,S1_S3,India,0,none
S1-50926137,S3-798167703,S1_S3,India,0,none
S1-509367448,S3-136461036,S1_S3,US,0,none
S1-509621605,S3-343200426,S1_S3,US,0,none
S1-51119647,S3-31056139,S1_S3,India,0,none
S1-511672256,S2-494944382,S1_S2,US,0,none
S1-511672256,S2-926087746,S1_S2,US,0,none
S1-51289619,S2-416568327,S1_S2,India,0,none
S1-513063658,S3-254951220,S1_S3,US,0,none
S1-513063658,S3-63907966,S1_S3,US,0,none
S1-513749040,S2-65946249,S1_S2,US,0,none
S1-513937109,S2-300712980,S1_S2,US,0,none
S1-513937109,S3-255121057,S1_S3,US,0,none
S1-515857609,S2-608374008,S1_S2,India,0,none
S1-517203052,S2-444405254,S1_S2,US,0,none
S1-51803904,S3-836259540,S1_S3,US,0,none
S1-518741531,S2-589580048,S1_S2,India,0,none
S1-5194820,S2-501019229,S1_S2,US,0,none
S1-520114606,S2-672739392,S1_S2,US,0,none
S1-520114606,S3-795710198,S1_S3,US,0,none
S1-520114606,S3-886333812,S1_S3,US,0,none
S1-520699863,S2-226435254,S1_S2,India,0,none
S1-520699863,S2-473643631,S1_S2,India,0,none
S1-520699863,S3-383926327,S1_S3,India,0,none
S1-520699863,S3-481784045,S1_S3,India,0,none
S1-521883268,S2-301840573,S1_S2,India,0,none
S1-521883268,S2-409677853,S1_S2,India,0,none
S1-521883268,S2-507375070,S1_S2,India,0,none
S1-521916484,S3-845462921,S1_S3,US,0,none
S1-52241299,S3-217100293,S1_S3,US,0,none
S1-524247478,S2-51836867,S1_S2,US,0,none
S1-526302086,S3-75503916,S1_S3,US,0,none
S1-526302086,S3-814230447,S1_S3,US,0,none
S1-526879474,S3-680944219,S1_S3,India,0,none
S1-528020035,S2-49726701,S1_S2,India,0,none
S1-528020035,S3-217709975,S1_S3,India,0,none
S1-528020035,S3-264784785,S1_S3,India,0,none
S1-529264263,S3-274071588,S1_S3,India,0,none
S1-529313443,S3-147136444,S1_S3,India,0,none
S1-529313443,S3-48651740,S1_S3,India,0,none
S1-530654378,S2-221364862,S1_S2,India,0,none
S1-530654378,S3-708600167,S1_S3,India,0,none
S1-533013540,S2-52322501,S1_S2,India,0,none
S1-533013540,S2-896909800,S1_S2,India,0,none
S1-533013540,S3-183516931,S1_S3,India,0,none
S1-53347747,S3-70312031,S1_S3,India,0,none
S1-533578269,S3-423929732,S1_S3,US,0,none
S1-533578269,S3-457647274,S1_S3,US,0,none
S1-533578269,S3-663597176,S1_S3,US,0,none
S1-533578269,S3-867080760,S1_S3,US,0,none
S1-534914622,S2-117258612,S1_S2,US,0,none
S1-534914622,S2-914637643,S1_S2,US,0,none
S1-534914622,S3-523031339,S1_S3,US,0,none
S1-535224642,S2-195737155,S1_S2,US,0,none
S1-535224642,S2-990104877,S1_S2,US,0,none
S1-535513013,S2-483711237,S1_S2,India,0,none
S1-535513013,S3-577893292,S1_S3,India,0,none
S1-535713505,S2-596706902,S1_S2,India,0,none
S1-535713505,S3-169151818,S1_S3,India,0,none
S1-536355093,S2-274513183,S1_S2,US,0,none
S1-536355093,S3-339256940,S1_S3,US,0,none
S1-536355093,S3-600343935,S1_S3,US,0,none
S1-537386245,S2-656493739,S1_S2,India,0,none
S1-537386245,S2-862959986,S1_S2,India,0,none
S1-539623454,S2-780739705,S1_S2,US,0,none
S1-540777775,S2-252453523,S1_S2,India,0,none
S1-54385868,S2-207075328,S1_S2,India,0,none
S1-54385868,S3-218414812,S1_S3,India,0,none
S1-54385868,S3-313611382,S1_S3,India,0,none
S1-54385868,S3-832083269,S1_S3,India,0,none
S1-543976067,S3-715372236,S1_S3,US,0,none
S1-544391094,S2-505697934,S1_S2,India,0,none
S1-545445382,S2-975013080,S1_S2,India,0,none
S1-545710037,S2-322456102,S1_S2,US,0,none
S1-545710037,S3-321592140,S1_S3,US,0,none
S1-546524367,S2-278207027,S1_S2,US,0,none
S1-546524367,S2-924243669,S1_S2,US,0,none
S1-546524367,S3-105095245,S1_S3,US,0,none
S1-546618669,S2-709637193,S1_S2,US,0,none
S1-546618669,S2-828851274,S1_S2,US,0,none
S1-546618669,S2-977747016,S1_S2,US,0,none
S1-546618669,S3-395963374,S1_S3,US,0,none
S1-546618669,S3-515976203,S1_S3,US,0,none
S1-546695683,S3-30112173,S1_S3,US,0,none
S1-546695683,S3-80334894,S1_S3,US,0,none
S1-549939094,S3-523389644,S1_S3,US,0,none
S1-550173083,S3-610457343,S1_S3,US,0,none
S1-550353213,S3-357039808,S1_S3,India,0,none
S1-550353213,S3-595933624,S1_S3,India,0,none
S1-550584198,S3-301865168,S1_S3,India,0,none
S1-550771700,S3-175942725,S1_S3,India,0,none
S1-550771700,S3-929210271,S1_S3,India,0,none
S1-552783285,S3-296397608,S1_S3,US,0,none
S1-553165312,S2-657915739,S1_S2,US,0,none
S1-5536321,S2-349177146,S1_S2,India,0,none
S1-554861276,S3-355132577,S1_S3,US,0,none
S1-557165049,S2-62405015,S1_S2,India,0,none
S1-557633552,S2-35223527,S1_S2,US,0,none
S1-557633552,S3-732658683,S1_S3,US,0,none
S1-558676825,S2-504757566,S1_S2,India,0,none
S1-558676825,S3-436665844,S1_S3,India,0,none
S1-55988490,S2-372935618,S1_S2,India,0,none
S1-55988490,S3-274623039,S1_S3,India,0,none
S1-56160758,S2-501314009,S1_S2,US,0,none
S1-56160758,S3-389867757,S1_S3,US,0,none
S1-561636938,S2-732863599,S1_S2,US,0,none
S1-562170073,S2-466201914,S1_S2,India,0,none
S1-562170073,S3-216679114,S1_S3,India,0,none
S1-562293996,S2-386376854,S1_S2,US,0,none
S1-563052229,S3-268500867,S1_S3,US,0,none
S1-563052229,S3-415127837,S1_S3,US,0,none
S1-564287138,S2-145799624,S1_S2,India,0,none
S1-564287138,S2-654560517,S1_S2,India,0,none
S1-564365098,S2-414700573,S1_S2,US,0,none
S1-564365098,S2-696033658,S1_S2,US,0,none
S1-564987074,S2-663907923,S1_S2,US,0,none
S1-566714009,S2-989275392,S1_S2,US,0,none
S1-566714009,S3-931885762,S1_S3,US,0,none
S1-568259426,S2-110494852,S1_S2,India,0,none
S1-568259426,S2-417590528,S1_S2,India,0,none
S1-568259426,S2-578915844,S1_S2,India,0,none
S1-568259426,S3-796630768,S1_S3,India,0,none
S1-570181251,S2-169009903,S1_S2,India,0,none
S1-570181251,S3-607168251,S1_S3,India,0,none
S1-570758197,S2-983171543,S1_S2,India,0,none
S1-570758197,S3-382775664,S1_S3,India,0,none
S1-570758197,S3-575477304,S1_S3,India,0,none
S1-570937788,S2-688854374,S1_S2,US,0,none
S1-571599575,S2-517440153,S1_S2,India,0,none
S1-571599575,S3-308159575,S1_S3,India,0,none
S1-572851301,S2-526712379,S1_S2,India,0,none
S1-573069384,S2-422331744,S1_S2,US,0,none
S1-57453019,S3-707189681,S1_S3,India,0,none
S1-576095475,S2-773533569,S1_S2,US,0,none
S1-576095475,S2-783933080,S1_S2,US,0,none
S1-576095475,S3-209889245,S1_S3,US,0,none
S1-577812021,S2-461681567,S1_S2,US,0,none
S1-578133294,S2-184040644,S1_S2,India,0,none
S1-578133294,S2-502193482,S1_S2,India,0,none
S1-578133294,S3-234862081,S1_S3,India,0,none
S1-579306427,S2-213317958,S1_S2,US,0,none
S1-57995583,S2-384266079,S1_S2,US,0,none
S1-57995583,S3-303959199,S1_S3,US,0,none
S1-582318646,S2-494514443,S1_S2,India,0,none
S1-582318646,S3-37563809,S1_S3,India,0,none
S1-582318646,S3-467795727,S1_S3,India,0,none
S1-582318646,S3-629366932,S1_S3,India,0,none
S1-583860678,S2-585855812,S1_S2,India,0,none
S1-583860678,S3-19466328,S1_S3,India,0,none
S1-583995434,S2-881091111,S1_S2,India,0,none
S1-583995434,S3-306349516,S1_S3,India,0,none
S1-583995434,S3-438107705,S1_S3,India,0,none
S1-583995434,S3-865497813,S1_S3,India,0,none
S1-584448459,S3-566455658,S1_S3,US,0,none
S1-584663288,S2-145822568,S1_S2,India,0,none
S1-584663288,S2-817462756,S1_S2,India,0,none
S1-584663288,S2-895085365,S1_S2,India,0,none
S1-585590855,S2-160797755,S1_S2,US,0,none
S1-587442098,S3-833301585,S1_S3,US,0,none
S1-589374647,S3-136854286,S1_S3,US,0,none
S1-589374647,S3-291796381,S1_S3,US,0,none
S1-589414390,S3-453408346,S1_S3,US,0,none
S1-589607704,S2-318166473,S1_S2,India,0,none
S1-589607704,S2-826970471,S1_S2,India,0,none
S1-590028309,S2-470348472,S1_S2,India,0,none
S1-590674627,S3-188801650,S1_S3,India,0,none
S1-590740720,S2-642254669,S1_S2,India,0,none
S1-591697663,S2-323967503,S1_S2,US,0,none
S1-591697663,S3-421864212,S1_S3,US,0,none
S1-591697663,S3-506131827,S1_S3,US,0,none
S1-592773328,S3-902223931,S1_S3,US,0,none
S1-592930727,S2-357799269,S1_S2,US,0,none
S1-593280464,S2-675359656,S1_S2,India,0,none
S1-593470817,S2-647027252,S1_S2,India,0,none
S1-593876607,S2-461688537,S1_S2,India,0,none
S1-593876607,S2-695591050,S1_S2,India,0,none
S1-593876607,S3-765825623,S1_S3,India,0,none
S1-594016150,S2-5333904,S1_S2,India,0,none
S1-594016150,S3-735241718,S1_S3,India,0,none
S1-595184637,S2-158808151,S1_S2,US,0,none
S1-595184637,S2-261351281,S1_S2,US,0,none
S1-595184637,S3-325095843,S1_S3,US,0,none
S1-595184637,S3-777611843,S1_S3,US,0,none
S1-595188640,S2-329407052,S1_S2,US,0,none
S1-595188640,S2-409127990,S1_S2,US,0,none
S1-595188640,S3-113794960,S1_S3,US,0,none
S1-595188640,S3-200424384,S1_S3,US,0,none
S1-596057679,S3-170819745,S1_S3,US,0,none
S1-597419897,S2-53918410,S1_S2,India,0,none
S1-598561368,S2-63886283,S1_S2,India,0,none
S1-598561368,S2-744128326,S1_S2,India,0,none
S1-598561368,S2-746822038,S1_S2,India,0,none
S1-598561368,S3-455068583,S1_S3,India,0,none
S1-599637705,S2-814731940,S1_S2,US,0,none
S1-599637705,S3-278088747,S1_S3,US,0,none
S1-601118247,S2-701589993,S1_S2,US,0,none
S1-601118247,S3-794955441,S1_S3,US,0,none
S1-602345041,S2-500710927,S1_S2,US,0,none
S1-602345041,S3-437317647,S1_S3,US,0,none
S1-60261224,S2-765945439,S1_S2,US,0,none
S1-60261224,S3-821076656,S1_S3,US,0,none
S1-602851847,S2-573792108,S1_S2,US,0,none
S1-604401418,S2-27746473,S1_S2,US,0,none
S1-604401418,S3-44865091,S1_S3,US,0,none
S1-609834184,S3-199318812,S1_S3,US,0,none
S1-610784176,S2-127453298,S1_S2,US,0,none
S1-610784176,S2-656993744,S1_S2,US,0,none
S1-612069145,S2-337684067,S1_S2,US,0,none
S1-612113055,S2-582233888,S1_S2,India,0,none
S1-612655995,S2-122348929,S1_S2,India,0,none
S1-612655995,S2-670256119,S1_S2,India,0,none
S1-612655995,S3-4401743,S1_S3,India,0,none
S1-613322262,S2-241973149,S1_S2,India,0,none
S1-613322262,S2-508059251,S1_S2,India,0,none
S1-613322262,S3-42256249,S1_S3,India,0,none
S1-61341725,S3-278429733,S1_S3,India,0,none
S1-616924638,S2-38328378,S1_S2,India,0,none
S1-616924638,S2-580177841,S1_S2,India,0,none
S1-616924638,S2-690587101,S1_S2,India,0,none
S1-616924638,S3-4498029,S1_S3,India,0,none
S1-616924638,S3-702177049,S1_S3,India,0,none
S1-616924638,S3-846226586,S1_S3,India,0,none
S1-616924638,S3-949033433,S1_S3,India,0,none
S1-618228703,S2-679279730,S1_S2,US,0,none
S1-618306086,S3-34697582,S1_S3,US,0,none
S1-618981184,S2-128105889,S1_S2,India,0,none
S1-619410267,S2-358201197,S1_S2,India,0,none
S1-619837062,S2-554371991,S1_S2,US,0,none
S1-619837062,S3-970196544,S1_S3,US,0,none
S1-620218496,S2-532055827,S1_S2,US,0,none
S1-620218496,S3-874204742,S1_S3,US,0,none
S1-621061624,S3-365101414,S1_S3,US,0,none
S1-622187347,S3-40509656,S1_S3,US,0,none
S1-622187347,S3-728076810,S1_S3,US,0,none
S1-624210212,S2-879163320,S1_S2,India,0,none
S1-624210212,S3-495959367,S1_S3,India,0,none
S1-624709931,S3-239576733,S1_S3,India,0,none
S1-626110544,S2-236040552,S1_S2,US,0,none
S1-626110544,S2-599446206,S1_S2,US,0,none
S1-626110544,S2-835374401,S1_S2,US,0,none
S1-626110544,S3-530479433,S1_S3,US,0,none
S1-626110544,S3-627576550,S1_S3,US,0,none
S1-626110544,S3-786441000,S1_S3,US,0,none
S1-626110544,S3-965161921,S1_S3,US,0,none
S1-627345275,S2-91836774,S1_S2,US,0,none
S1-628579160,S3-462373956,S1_S3,US,0,none
S1-630852480,S2-553139408,S1_S2,US,0,none
S1-630852480,S2-90138268,S1_S2,US,0,none
S1-630852480,S3-520377877,S1_S3,US,0,none
S1-632304933,S2-261140177,S1_S2,US,0,none
S1-632304933,S2-332716870,S1_S2,US,0,none
S1-632304933,S2-895272639,S1_S2,US,0,none
S1-632304933,S3-493121996,S1_S3,US,0,none
S1-634028576,S2-437735793,S1_S2,India,0,none
S1-634028576,S2-884755524,S1_S2,India,0,none
S1-634028576,S3-429647334,S1_S3,India,0,none
S1-634028576,S3-810090886,S1_S3,India,0,none
S1-635548049,S2-655141279,S1_S2,India,0,none
S1-635548049,S3-3573256,S1_S3,India,0,none
S1-635788224,S3-364124879,S1_S3,US,0,none
S1-63702561,S2-908186904,S1_S2,US,0,none
S1-63702561,S3-107604151,S1_S3,US,0,none
S1-63702561,S3-176857016,S1_S3,US,0,none
S1-637536813,S2-866456612,S1_S2,US,0,none
S1-638213909,S2-604464735,S1_S2,US,0,none
S1-639141309,S2-974164576,S1_S2,India,0,none
S1-639141309,S3-311830118,S1_S3,India,0,none
S1-639141309,S3-459088178,S1_S3,India,0,none
S1-639390290,S2-589112306,S1_S2,India,0,none
S1-639390290,S3-125861292,S1_S3,India,0,none
S1-639390290,S3-509135262,S1_S3,India,0,none
S1-639390290,S3-594518753,S1_S3,India,0,none
S1-639613629,S2-480365830,S1_S2,US,0,none
S1-639914160,S3-791299444,S1_S3,India,0,none
S1-64056409,S2-631164904,S1_S2,India,0,none
S1-64056409,S3-853904640,S1_S3,India,0,none
S1-640835937,S2-998516967,S1_S2,India,0,none
S1-640835937,S3-124101895,S1_S3,India,0,none
S1-641605941,S3-172134394,S1_S3,US,0,none
S1-641605941,S3-787144535,S1_S3,US,0,none
S1-641605941,S3-944042658,S1_S3,US,0,none
S1-642918954,S3-833582813,S1_S3,US,0,none
S1-642918954,S3-921657134,S1_S3,US,0,none
S1-643269819,S3-244978468,S1_S3,US,0,none
S1-644143740,S2-877146184,S1_S2,India,0,none
S1-644143740,S2-901509339,S1_S2,India,0,none
S1-644143740,S3-179809650,S1_S3,India,0,none
S1-644306254,S2-49209565,S1_S2,US,0,none
S1-644995146,S3-273652822,S1_S3,India,0,none
S1-645022,S3-266637317,S1_S3,India,0,none
S1-645754632,S2-595562853,S1_S2,India,0,none
S1-645754632,S3-676426043,S1_S3,India,0,none
S1-64753846,S2-894182338,S1_S2,India,0,none
S1-64753846,S3-229076297,S1_S3,India,0,none
S1-64753846,S3-360612867,S1_S3,India,0,none
S1-648344296,S3-784448663,S1_S3,US,0,none
S1-648344296,S3-953454550,S1_S3,US,0,none
S1-650779023,S3-26075882,S1_S3,India,0,none
S1-651406333,S2-299056767,S1_S2,US,0,none
S1-651406333,S2-524442662,S1_S2,US,0,none
S1-652586608,S3-767379711,S1_S3,India,0,none
S1-652667479,S3-289427192,S1_S3,India,0,none
S1-652817829,S2-522652429,S1_S2,US,0,none
S1-652887619,S2-874413509,S1_S2,India,0,none
S1-654769440,S2-354403217,S1_S2,India,0,none
S1-654769440,S3-546465508,S1_S3,India,0,none
S1-654769440,S3-811745418,S1_S3,India,0,none
S1-656397828,S2-105381621,S1_S2,India,0,none
S1-656397828,S3-753075675,S1_S3,India,0,none
S1-657054104,S2-312166851,S1_S2,India,0,none
S1-657054104,S3-216649401,S1_S3,India,0,none
S1-657054104,S3-706810042,S1_S3,India,0,none
S1-659591219,S2-763376005,S1_S2,India,0,none
S1-660655206,S2-182916772,S1_S2,India,0,none
S1-660655206,S2-369356909,S1_S2,India,0,none
S1-660655206,S3-144080640,S1_S3,India,0,none
S1-660655206,S3-828552842,S1_S3,India,0,none
S1-661118553,S3-437343077,S1_S3,India,0,none
S1-661609241,S2-349422940,S1_S2,India,0,none
S1-661609241,S3-25343564,S1_S3,India,0,none
S1-661816148,S2-288742498,S1_S2,US,0,none
S1-662469402,S2-623711894,S1_S2,US,0,none
S1-663070042,S2-499043999,S1_S2,India,0,none
S1-663536839,S2-31751595,S1_S2,US,0,none
S1-663536839,S3-327277054,S1_S3,US,0,none
S1-663536839,S3-91566673,S1_S3,US,0,none
S1-664549092,S2-310050028,S1_S2,US,0,none
S1-66480290,S3-305064431,S1_S3,US,0,none
S1-665346434,S2-357519507,S1_S2,US,0,none
S1-665346434,S2-656451198,S1_S2,US,0,none
S1-665346434,S2-708889505,S1_S2,US,0,none
S1-665346434,S3-296871681,S1_S3,US,0,none
S1-665346434,S3-750258126,S1_S3,US,0,none
S1-66585681,S2-119767844,S1_S2,India,0,none
S1-66585681,S2-192193369,S1_S2,India,0,none
S1-66585681,S3-559371929,S1_S3,India,0,none
S1-666591378,S2-383513081,S1_S2,India,0,none
S1-666591378,S3-953306059,S1_S3,India,0,none
S1-666905110,S3-414522198,S1_S3,US,0,none
S1-666905110,S3-578972590,S1_S3,US,0,none
S1-667737250,S2-490316652,S1_S2,India,0,none
S1-667737250,S3-809535161,S1_S3,India,0,none
S1-66815789,S2-114306923,S1_S2,India,0,none
S1-66815789,S2-128268014,S1_S2,India,0,none
S1-66815789,S3-776567954,S1_S3,India,0,none
S1-66815789,S3-947761084,S1_S3,India,0,none
S1-668498840,S2-361114447,S1_S2,US,0,none
S1-668772218,S2-690049696,S1_S2,US,0,none
S1-668772218,S2-943267258,S1_S2,US,0,none
S1-669482539,S2-191976057,S1_S2,India,0,none
S1-669482539,S2-303247134,S1_S2,India,0,none
S1-669482539,S2-306200992,S1_S2,India,0,none
S1-670409472,S2-548341796,S1_S2,India,0,none
S1-670890283,S3-865646433,S1_S3,US,0,none
S1-671508584,S2-909388157,S1_S2,India,0,none
S1-671670988,S2-229810177,S1_S2,India,0,none
S1-671670988,S3-122254872,S1_S3,India,0,none
S1-671670988,S3-466529567,S1_S3,India,0,none
S1-671670988,S3-628888271,S1_S3,India,0,none
S1-674407644,S2-505747954,S1_S2,India,0,none
S1-674407644,S3-391621106,S1_S3,India,0,none
S1-674429955,S2-725127468,S1_S2,US,0,none
S1-674719774,S3-39168486,S1_S3,US,0,none
S1-674804543,S2-115432484,S1_S2,US,0,none
S1-674804543,S2-9653955,S1_S2,US,0,none
S1-674804543,S3-503592183,S1_S3,US,0,none
S1-674840494,S2-462333692,S1_S2,India,0,none
S1-674840494,S3-532444516,S1_S3,India,0,none
S1-674971864,S3-919232590,S1_S3,India,0,none
S1-675018360,S2-582113657,S1_S2,US,0,none
S1-675018360,S3-347369710,S1_S3,US,0,none
S1-675715402,S2-158389017,S1_S2,US,0,none
S1-675715402,S3-451533870,S1_S3,US,0,none
S1-6765230,S2-322274125,S1_S2,US,0,none
S1-6765230,S3-978706797,S1_S3,US,0,none
S1-676700038,S2-20189612,S1_S2,India,0,none
S1-676700038,S3-441633354,S1_S3,India,0,none
S1-676700038,S3-960161299,S1_S3,India,0,none
S1-676757451,S2-721289914,S1_S2,India,0,none
S1-677448711,S3-595185513,S1_S3,US,0,none
S1-679363660,S2-48319638,S1_S2,India,0,none
S1-679363660,S2-622558605,S1_S2,India,0,none
S1-679363660,S2-93630949,S1_S2,India,0,none
S1-679363660,S3-577079683,S1_S3,India,0,none
S1-68034533,S2-491818213,S1_S2,India,0,none
S1-681506272,S2-730966715,S1_S2,India,0,none
S1-683462078,S2-116772949,S1_S2,US,0,none
S1-683462078,S3-110879503,S1_S3,US,0,none
S1-683462078,S3-422984379,S1_S3,US,0,none
S1-683462078,S3-433982548,S1_S3,US,0,none
S1-684071179,S3-927419588,S1_S3,US,0,none
S1-684252465,S2-27088713,S1_S2,US,0,none
S1-684298965,S2-208879626,S1_S2,India,0,none
S1-684298965,S3-771111905,S1_S3,India,0,none
S1-684330058,S2-35162287,S1_S2,US,0,none
S1-684330058,S2-811292344,S1_S2,US,0,none
S1-684330058,S3-873643519,S1_S3,US,0,none
S1-684932371,S3-236884565,S1_S3,US,0,none
S1-684932371,S3-435752459,S1_S3,US,0,none
S1-68637438,S2-575002694,S1_S2,India,0,none
S1-687057270,S2-984143654,S1_S2,India,0,none
S1-687057270,S3-171582730,S1_S3,India,0,none
S1-688021056,S3-759021718,S1_S3,US,0,none
S1-689041300,S3-484851255,S1_S3,US,0,none
S1-689332755,S3-6724419,S1_S3,US,0,none
S1-691833987,S2-433989838,S1_S2,US,0,none
S1-691833987,S3-674408114,S1_S3,US,0,none
S1-693603708,S2-713040673,S1_S2,US,0,none
S1-697234191,S2-839912372,S1_S2,US,0,none
S1-697234191,S3-709192952,S1_S3,US,0,none
S1-698615149,S2-103847333,S1_S2,US,0,none
S1-698615666,S3-400308224,S1_S3,US,0,none
S1-698905301,S2-35542159,S1_S2,India,0,none
S1-698905301,S3-184011190,S1_S3,India,0,none
S1-698905301,S3-511140810,S1_S3,India,0,none
S1-699683002,S2-747696109,S1_S2,US,0,none
S1-699683002,S3-2174885,S1_S3,US,0,none
S1-699683002,S3-979704771,S1_S3,US,0,none
S1-699781472,S3-920570400,S1_S3,India,0,none
S1-699807728,S2-957143461,S1_S2,US,0,none
S1-699864578,S3-248860376,S1_S3,US,0,none
S1-699864578,S3-596311702,S1_S3,US,0,none
S1-701043451,S2-222276695,S1_S2,India,0,none
S1-701043451,S3-180899549,S1_S3,India,0,none
S1-701043451,S3-476289240,S1_S3,India,0,none
S1-701075599,S2-149945951,S1_S2,US,0,none
S1-702653644,S3-965740402,S1_S3,US,0,none
S1-702782255,S3-425192614,S1_S3,India,0,none
S1-702782255,S3-931490353,S1_S3,India,0,none
S1-703067452,S2-61206887,S1_S2,India,0,none
S1-703067452,S2-679345782,S1_S2,India,0,none
S1-703067452,S3-452458596,S1_S3,India,0,none
S1-705593921,S2-126225683,S1_S2,US,0,none
S1-705593921,S2-509978838,S1_S2,US,0,none
S1-705593921,S3-464112090,S1_S3,US,0,none
S1-707240175,S2-990487451,S1_S2,India,0,none
S1-707240175,S3-579246896,S1_S3,India,0,none
S1-707461848,S2-671671384,S1_S2,India,0,none
S1-707461848,S3-26332636,S1_S3,India,0,none
S1-709776388,S2-15875725,S1_S2,US,0,none
S1-709832691,S2-545596581,S1_S2,US,0,none
S1-709994053,S2-965429196,S1_S2,US,0,none
S1-709994053,S3-678914789,S1_S3,US,0,none
S1-710238823,S3-338695011,S1_S3,US,0,none
S1-710582474,S2-154438035,S1_S2,US,0,none
S1-710582474,S3-189576413,S1_S3,US,0,none
S1-710582474,S3-418401565,S1_S3,US,0,none
S1-710602948,S2-76028688,S1_S2,US,0,none
S1-710602948,S3-225922513,S1_S3,US,0,none
S1-713318559,S2-603565609,S1_S2,India,0,none
S1-713318559,S2-958666403,S1_S2,India,0,none
S1-713318559,S3-145593985,S1_S3,India,0,none
S1-713318559,S3-862113660,S1_S3,India,0,none
S1-713758640,S3-745720144,S1_S3,US,0,none
S1-713758640,S3-872691500,S1_S3,US,0,none
S1-714204357,S2-126919293,S1_S2,India,0,none
S1-714204357,S2-394071887,S1_S2,India,0,none
S1-714204357,S2-427213127,S1_S2,India,0,none
S1-714204357,S2-83253477,S1_S2,India,0,none
S1-714654852,S3-406078748,S1_S3,India,0,none
S1-714654852,S3-604106874,S1_S3,India,0,none
S1-716174022,S2-649826236,S1_S2,US,0,none
S1-717612,S3-295089109,S1_S3,US,0,none
S1-718042596,S2-319047855,S1_S2,India,0,none
S1-718042596,S3-100612005,S1_S3,India,0,none
S1-718042596,S3-594712977,S1_S3,India,0,none
S1-718042596,S3-759412065,S1_S3,India,0,none
S1-718118397,S2-403562367,S1_S2,India,0,none
S1-718755497,S3-982716608,S1_S3,US,0,none
S1-719501149,S2-402031487,S1_S2,US,0,none
S1-719501149,S2-942476207,S1_S2,US,0,none
S1-719501149,S3-331721882,S1_S3,US,0,none
S1-719856007,S3-79025678,S1_S3,India,0,none
S1-720275740,S2-105984888,S1_S2,US,0,none
S1-720275740,S3-408912996,S1_S3,US,0,none
S1-721091772,S2-467475280,S1_S2,US,0,none
S1-721091772,S2-847432217,S1_S2,US,0,none
S1-721285629,S2-391229479,S1_S2,US,0,none
S1-721285629,S3-954161666,S1_S3,US,0,none
S1-721898139,S3-311282729,S1_S3,US,0,none
S1-722283159,S3-144096595,S1_S3,US,0,none
S1-724253276,S3-397461363,S1_S3,US,0,none
S1-725081358,S2-831979712,S1_S2,India,0,none
S1-725240173,S3-200747590,S1_S3,US,0,none
S1-725240173,S3-344285398,S1_S3,US,0,none
S1-725240173,S3-775671336,S1_S3,US,0,none
S1-726003583,S3-330583919,S1_S3,US,0,none
S1-726003583,S3-572527927,S1_S3,US,0,none
S1-726003583,S3-976499029,S1_S3,US,0,none
S1-726491210,S2-22478614,S1_S2,US,0,none
S1-726491210,S3-245100915,S1_S3,US,0,none
S1-726906412,S2-613477621,S1_S2,India,0,none
S1-726906412,S3-613779830,S1_S3,India,0,none
S1-7272746,S2-449232006,S1_S2,US,0,none
S1-7272746,S2-540368246,S1_S2,US,0,none
S1-7272746,S2-594732875,S1_S2,US,0,none
S1-7272746,S3-165944787,S1_S3,US,0,none
S1-727570541,S3-584625807,S1_S3,US,0,none
S1-729106984,S2-344915710,S1_S2,US,0,none
S1-729260395,S2-274566293,S1_S2,India,0,none
S1-729260395,S3-126717283,S1_S3,India,0,none
S1-729260395,S3-885590443,S1_S3,India,0,none
S1-729831412,S2-639631988,S1_S2,India,0,none
S1-729831412,S3-524032158,S1_S3,India,0,none
S1-729831412,S3-804201682,S1_S3,India,0,none
S1-729831412,S3-829606318,S1_S3,India,0,none
S1-730283841,S3-539146878,S1_S3,US,0,none
S1-730459474,S2-843510233,S1_S2,India,0,none
S1-731279988,S2-544415354,S1_S2,India,0,none
S1-731279988,S3-287829467,S1_S3,India,0,none
S1-731323946,S2-41716257,S1_S2,India,0,none
S1-731323946,S2-863275872,S1_S2,India,0,none
S1-731323946,S3-206106778,S1_S3,India,0,none
S1-731323946,S3-748811073,S1_S3,India,0,none
S1-731323946,S3-796696392,S1_S3,India,0,none
S1-731801298,S2-26985321,S1_S2,US,0,none
S1-731801298,S2-950549386,S1_S2,US,0,none
S1-731801298,S3-143183608,S1_S3,US,0,none
S1-731843758,S3-682915444,S1_S3,US,0,none
S1-733097594,S2-407168249,S1_S2,US,0,none
S1-733097594,S2-753125289,S1_S2,US,0,none
S1-733097594,S3-221909085,S1_S3,US,0,none
S1-733097594,S3-614600471,S1_S3,US,0,none
S1-733099040,S2-288815561,S1_S2,US,0,none
S1-733716384,S2-25950714,S1_S2,US,0,none
S1-733716384,S2-818903625,S1_S2,US,0,none
S1-733716384,S3-137887857,S1_S3,US,0,none
S1-733716384,S3-898183344,S1_S3,US,0,none
S1-734989677,S2-358043675,S1_S2,India,0,none
S1-735206518,S2-212180762,S1_S2,India,0,none
S1-735206518,S2-348290089,S1_S2,India,0,none
S1-735206518,S2-699861342,S1_S2,India,0,none
S1-735206518,S3-433503822,S1_S3,India,0,none
S1-736182530,S3-353168750,S1_S3,US,0,none
S1-736265346,S2-457769917,S1_S2,US,0,none
S1-736265346,S3-134414149,S1_S3,US,0,none
S1-736345516,S2-327592913,S1_S2,India,0,none
S1-736345516,S2-648843783,S1_S2,India,0,none
S1-736345516,S3-4199207,S1_S3,India,0,none
S1-736880456,S2-57048996,S1_S2,India,0,none
S1-736880456,S3-159949832,S1_S3,India,0,none
S1-736880456,S3-260295103,S1_S3,India,0,none
S1-736880456,S3-875653283,S1_S3,India,0,none
S1-737478629,S2-87570986,S1_S2,India,0,none
S1-737478629,S3-243268831,S1_S3,India,0,none
S1-737478629,S3-638517037,S1_S3,India,0,none
S1-738264661,S2-653223386,S1_S2,US,0,none
S1-738608990,S3-259360377,S1_S3,US,0,none
S1-738848981,S2-504450736,S1_S2,India,0,none
S1-738848981,S3-696398427,S1_S3,India,0,none
S1-738848981,S3-949915903,S1_S3,India,0,none
S1-738891324,S2-219776251,S1_S2,US,0,none
S1-738891324,S3-390890572,S1_S3,US,0,none
S1-738891324,S3-75865943,S1_S3,US,0,none
S1-739181398,S3-16169849,S1_S3,India,0,none
S1-739799929,S2-12365504,S1_S2,India,0,none
S1-742032441,S3-737100118,S1_S3,US,0,none
S1-743751695,S2-870731056,S1_S2,US,0,none
S1-743751695,S2-905005316,S1_S2,US,0,none
S1-743751695,S3-988571607,S1_S3,US,0,none
S1-744020130,S2-296185816,S1_S2,India,0,none
S1-744020130,S3-189728981,S1_S3,India,0,none
S1-744359504,S2-874570149,S1_S2,US,0,none
S1-744649725,S2-73011476,S1_S2,US,0,none
S1-744649725,S2-854603532,S1_S2,US,0,none
S1-744649725,S3-75983457,S1_S3,US,0,none
S1-746413888,S2-459945057,S1_S2,India,0,none
S1-747476346,S2-680517932,S1_S2,India,0,none
S1-747476346,S3-603593250,S1_S3,India,0,none
S1-747476346,S3-951244727,S1_S3,India,0,none
S1-748863531,S2-403668282,S1_S2,India,0,none
S1-748863531,S2-818013675,S1_S2,India,0,none
S1-748863531,S3-294679967,S1_S3,India,0,none
S1-749183396,S3-380944742,S1_S3,US,0,none
S1-750509775,S3-333925584,S1_S3,US,0,none
S1-751061961,S3-585702006,S1_S3,India,0,none
S1-751061961,S3-80543475,S1_S3,India,0,none
S1-751428422,S3-553189320,S1_S3,US,0,none
S1-751658455,S2-324111136,S1_S2,US,0,none
S1-751658455,S3-812901810,S1_S3,US,0,none
S1-751863633,S2-501745856,S1_S2,US,0,none
S1-752049538,S2-381072339,S1_S2,US,0,none
S1-752049538,S3-43192596,S1_S3,US,0,none
S1-752049538,S3-502115190,S1_S3,US,0,none
S1-75256239,S3-487122569,S1_S3,US,0,none
S1-753258319,S2-922967498,S1_S2,US,0,none
S1-75405895,S2-223015051,S1_S2,US,0,none
S1-754830520,S2-754990175,S1_S2,India,0,none
S1-755473261,S2-748352621,S1_S2,US,0,none
S1-755473261,S3-270822715,S1_S3,US,0,none
S1-755473261,S3-529598279,S1_S3,US,0,none
S1-757556544,S2-912202730,S1_S2,India,0,none
S1-757556544,S3-694565291,S1_S3,India,0,none
S1-757556544,S3-991565827,S1_S3,India,0,none
S1-757558416,S2-14311171,S1_S2,India,0,none
S1-757558416,S3-153911804,S1_S3,India,0,none
S1-757558416,S3-175909139,S1_S3,India,0,none
S1-757558416,S3-800378751,S1_S3,India,0,none
S1-758968716,S2-814067288,S1_S2,India,0,none
S1-759005256,S3-222091254,S1_S3,India,0,none
S1-759451995,S2-622221466,S1_S2,India,0,none
S1-759451995,S3-983062052,S1_S3,India,0,none
S1-761238301,S3-37579153,S1_S3,US,0,none
S1-762903844,S3-232379962,S1_S3,US,0,none
S1-763870312,S2-689626125,S1_S2,US,0,none
S1-76506124,S3-755591662,S1_S3,US,0,none
S1-765080472,S2-705771579,S1_S2,US,0,none
S1-765080472,S3-754553312,S1_S3,US,0,none
S1-765500345,S2-546811647,S1_S2,India,0,none
S1-765500345,S3-668785536,S1_S3,India,0,none
S1-765719686,S3-206089264,S1_S3,US,0,none
S1-765719686,S3-881391870,S1_S3,US,0,none
S1-767632681,S3-998516775,S1_S3,US,0,none
S1-768737181,S2-878665204,S1_S2,US,0,none
S1-768737181,S3-929254778,S1_S3,US,0,none
S1-769984887,S2-791587405,S1_S2,India,0,none
S1-769984887,S3-164356335,S1_S3,India,0,none
S1-769984887,S3-876461940,S1_S3,India,0,none
S1-771547099,S2-315940595,S1_S2,India,0,none
S1-771547099,S2-355632286,S1_S2,India,0,none
S1-771547099,S3-370187304,S1_S3,India,0,none
S1-771547099,S3-516761175,S1_S3,India,0,none
S1-771547099,S3-989536185,S1_S3,India,0,none
S1-77193559,S3-65228854,S1_S3,US,0,none
S1-772585238,S2-869700383,S1_S2,India,0,none
S1-772585238,S3-742870722,S1_S3,India,0,none
S1-772585238,S3-945943981,S1_S3,India,0,none
S1-772688019,S2-667684559,S1_S2,India,0,none
S1-772688019,S3-744401683,S1_S3,India,0,none
S1-773954828,S3-507283792,S1_S3,US,0,none
S1-77458859,S3-128495428,S1_S3,India,0,none
S1-775411852,S2-164878214,S1_S2,US,0,none
S1-775411852,S2-659219661,S1_S2,US,0,none
S1-775411852,S3-431855063,S1_S3,US,0,none
S1-775411852,S3-862698258,S1_S3,US,0,none
S1-777073207,S2-265693620,S1_S2,US,0,none
S1-777699790,S2-367900220,S1_S2,India,0,none
S1-777699790,S3-5043215,S1_S3,India,0,none
S1-77799293,S2-151739577,S1_S2,India,0,none
S1-77799293,S3-544651294,S1_S3,India,0,none
S1-77799293,S3-919443937,S1_S3,India,0,none
S1-778340224,S2-363271571,S1_S2,US,0,none
S1-778340224,S3-227015027,S1_S3,US,0,none
S1-778340224,S3-320364121,S1_S3,US,0,none
S1-778340224,S3-686948765,S1_S3,US,0,none
S1-778340224,S3-85502725,S1_S3,US,0,none
S1-77898946,S3-511242717,S1_S3,US,0,none
S1-779493997,S2-671559368,S1_S2,US,0,none
S1-779493997,S2-944230028,S1_S2,US,0,none
S1-779493997,S3-313182380,S1_S3,US,0,none
S1-779493997,S3-55156968,S1_S3,US,0,none
S1-779544100,S3-828976142,S1_S3,India,0,none
S1-780287381,S2-251353345,S1_S2,US,0,none
S1-780287381,S2-315711263,S1_S2,US,0,none
S1-780379132,S2-133421104,S1_S2,India,0,none
S1-780379132,S3-218549700,S1_S3,India,0,none
S1-781156765,S2-316957324,S1_S2,US,0,none
S1-783517027,S2-131574555,S1_S2,India,0,none
S1-783590584,S2-186320591,S1_S2,India,0,none
S1-783590584,S2-245719796,S1_S2,India,0,none
S1-783590584,S3-581126393,S1_S3,India,0,none
S1-783590584,S3-720819105,S1_S3,India,0,none
S1-784614648,S2-746888269,S1_S2,US,0,none
S1-784614648,S3-670206638,S1_S3,US,0,none
S1-784614648,S3-906369288,S1_S3,US,0,none
S1-785008119,S2-794415392,S1_S2,India,0,none
S1-785008119,S3-4362231,S1_S3,India,0,none
S1-785235,S2-374357194,S1_S2,India,0,none
S1-785235,S2-630317391,S1_S2,India,0,none
S1-785235,S3-670715605,S1_S3,India,0,none
S1-785839619,S3-599410752,S1_S3,India,0,none
S1-786358975,S3-392098373,S1_S3,India,0,none
S1-786358975,S3-717937977,S1_S3,India,0,none
S1-787738206,S2-198642982,S1_S2,US,0,none
S1-787738206,S2-802068780,S1_S2,US,0,none
S1-787738206,S3-473536557,S1_S3,US,0,none
S1-789011018,S3-605545545,S1_S3,US,0,none
S1-78930460,S3-272007911,S1_S3,US,0,none
S1-789499630,S2-982110151,S1_S2,India,0,none
S1-791294565,S3-538716783,S1_S3,US,0,none
S1-791312255,S2-356684756,S1_S2,US,0,none
S1-791312255,S2-431877951,S1_S2,US,0,none
S1-791312255,S2-567225166,S1_S2,US,0,none
S1-791312255,S3-470711147,S1_S3,US,0,none
S1-791590583,S2-658786678,S1_S2,US,0,none
S1-791810166,S3-109418265,S1_S3,US,0,none
S1-792254571,S3-515411572,S1_S3,US,0,none
S1-792312876,S2-174607961,S1_S2,US,0,none
S1-793000713,S2-248305499,S1_S2,US,0,none
S1-793000713,S2-858634025,S1_S2,US,0,none
S1-79353275,S2-465180388,S1_S2,India,0,none
S1-79353275,S2-649611469,S1_S2,India,0,none
S1-79353275,S2-670554888,S1_S2,India,0,none
S1-79353275,S2-800016068,S1_S2,India,0,none
S1-79353275,S2-889280795,S1_S2,India,0,none
S1-79353275,S3-124641431,S1_S3,India,0,none
S1-79353275,S3-913353659,S1_S3,India,0,none
S1-79353275,S3-974846794,S1_S3,India,0,none
S1-794002673,S2-226363647,S1_S2,India,0,none
S1-794002673,S2-482872613,S1_S2,India,0,none
S1-794002673,S3-411553732,S1_S3,India,0,none
S1-794104539,S2-381251649,S1_S2,US,0,none
S1-794104539,S3-680117234,S1_S3,US,0,none
S1-795048629,S2-725064795,S1_S2,India,0,none
S1-795083210,S2-407360247,S1_S2,US,0,none
S1-795083210,S3-996894216,S1_S3,US,0,none
S1-796750486,S3-831774053,S1_S3,US,0,none
S1-797953576,S2-779280013,S1_S2,India,0,none
S1-797953576,S2-81876617,S1_S2,India,0,none
S1-797953576,S3-283059707,S1_S3,India,0,none
S1-799171637,S3-141470517,S1_S3,India,0,none
S1-799200454,S2-973394021,S1_S2,India,0,none
S1-799200454,S3-644310434,S1_S3,India,0,none
S1-800791790,S2-193521616,S1_S2,India,0,none
S1-800791790,S2-934104833,S1_S2,India,0,none
S1-800791790,S2-939727504,S1_S2,India,0,none
S1-800791790,S3-259247958,S1_S3,India,0,none
S1-802891731,S2-972661669,S1_S2,India,0,none
S1-80291356,S3-57045340,S1_S3,US,0,none
S1-803798812,S2-673295823,S1_S2,US,0,none
S1-803798812,S3-645738116,S1_S3,US,0,none
S1-803798812,S3-758395429,S1_S3,US,0,none
S1-803798812,S3-782761268,S1_S3,US,0,none
S1-806792289,S2-869257002,S1_S2,India,0,none
S1-808002229,S2-494059716,S1_S2,US,0,none
S1-808500247,S2-667794197,S1_S2,India,0,none
S1-808500247,S3-447392150,S1_S3,India,0,none
S1-808583131,S2-145663946,S1_S2,India,0,none
S1-808583131,S2-999436441,S1_S2,India,0,none
S1-808583131,S3-790380442,S1_S3,India,0,none
S1-809344610,S2-173930004,S1_S2,US,0,none
S1-809344610,S3-259894052,S1_S3,US,0,none
S1-809474611,S2-498658879,S1_S2,US,0,none
S1-809474611,S3-280829150,S1_S3,US,0,none
S1-809474611,S3-420173439,S1_S3,US,0,none
S1-809874043,S2-666418455,S1_S2,US,0,none
S1-809874043,S3-869380652,S1_S3,US,0,none
S1-810096917,S2-212583254,S1_S2,India,0,none
S1-810239683,S2-123663431,S1_S2,US,0,none
S1-810880610,S2-912735779,S1_S2,US,0,none
S1-810880610,S3-954589746,S1_S3,US,0,none
S1-812335701,S3-532959358,S1_S3,India,0,none
S1-813340603,S2-14461133,S1_S2,India,0,none
S1-813340603,S3-581267231,S1_S3,India,0,none
S1-813807883,S3-524937698,S1_S3,India,0,none
S1-815238518,S2-571890994,S1_S2,India,0,none
S1-820479040,S2-944791914,S1_S2,India,0,none
S1-821761990,S2-127401929,S1_S2,India,0,none
S1-821761990,S2-479727408,S1_S2,India,0,none
S1-821761990,S2-520313197,S1_S2,India,0,none
S1-821761990,S3-204684976,S1_S3,India,0,none
S1-822877629,S3-901379444,S1_S3,US,0,none
S1-823472263,S2-137119516,S1_S2,India,0,none
S1-823741162,S3-370842582,S1_S3,India,0,none
S1-823944344,S3-451690095,S1_S3,US,0,none
S1-824239016,S2-105983447,S1_S2,US,0,none
S1-824653107,S2-493241967,S1_S2,US,0,none
S1-824653107,S3-404579265,S1_S3,US,0,none
S1-824653107,S3-689383052,S1_S3,US,0,none
S1-824735288,S3-404971216,S1_S3,US,0,none
S1-827431303,S2-343890330,S1_S2,India,0,none
S1-827431303,S2-5130657,S1_S2,India,0,none
S1-827431303,S3-364542979,S1_S3,India,0,none
S1-830187342,S2-846005555,S1_S2,US,0,none
S1-830474768,S3-581796627,S1_S3,US,0,none
S1-830891313,S3-330865435,S1_S3,India,0,none
S1-831073861,S2-379859122,S1_S2,India,0,none
S1-831073861,S2-877421761,S1_S2,India,0,none
S1-831073861,S3-402249297,S1_S3,India,0,none
S1-831993828,S2-535128014,S1_S2,US,0,none
S1-831993828,S3-796648817,S1_S3,US,0,none
S1-832359312,S2-968800457,S1_S2,India,0,none
S1-832359312,S3-75268779,S1_S3,India,0,none
S1-832928719,S2-173871433,S1_S2,US,0,none
S1-834439363,S2-627572873,S1_S2,India,0,none
S1-835424523,S2-644967772,S1_S2,India,0,none
S1-835424523,S3-716589227,S1_S3,India,0,none
S1-835725604,S3-256859993,S1_S3,India,0,none
S1-837356383,S2-870057090,S1_S2,US,0,none
S1-837356383,S3-324376116,S1_S3,US,0,none
S1-83737708,S2-689759463,S1_S2,India,0,none
S1-838077694,S2-468787831,S1_S2,India,0,none
S1-838220651,S3-515134196,S1_S3,India,0,none
S1-838534533,S2-640289862,S1_S2,India,0,none
S1-838534533,S3-744786898,S1_S3,India,0,none
S1-838717953,S2-260845559,S1_S2,US,0,none
S1-838717953,S3-408455009,S1_S3,US,0,none
S1-839768188,S2-403523620,S1_S2,India,0,none
S1-839768188,S2-578319018,S1_S2,India,0,none
S1-839768188,S2-719731867,S1_S2,India,0,none
S1-839768188,S3-720341755,S1_S3,India,0,none
S1-839948847,S3-604098729,S1_S3,India,0,none
S1-840134002,S3-367885090,S1_S3,US,0,none
S1-840432339,S2-325969144,S1_S2,India,0,none
S1-840432339,S3-115904060,S1_S3,India,0,none
S1-840432339,S3-154356637,S1_S3,India,0,none
S1-840432339,S3-398511391,S1_S3,India,0,none
S1-840432339,S3-433860939,S1_S3,India,0,none
S1-842039200,S2-16968538,S1_S2,India,0,none
S1-842039200,S3-291869472,S1_S3,India,0,none
S1-842890352,S2-770590387,S1_S2,India,0,none
S1-842890352,S2-805876771,S1_S2,India,0,none
S1-842890352,S3-334338925,S1_S3,India,0,none
S1-8429032,S2-110851266,S1_S2,India,0,none
S1-8429032,S2-79362036,S1_S2,India,0,none
S1-8429032,S3-493373780,S1_S3,India,0,none
S1-8429032,S3-697100069,S1_S3,India,0,none
S1-844518324,S2-791422404,S1_S2,US,0,none
S1-844857006,S2-551687189,S1_S2,US,0,none
S1-844857006,S3-784097751,S1_S3,US,0,none
S1-846383983,S2-218665549,S1_S2,India,0,none
S1-850239132,S2-113652961,S1_S2,India,0,none
S1-850239132,S3-14889267,S1_S3,India,0,none
S1-850239132,S3-984129911,S1_S3,India,0,none
S1-850300325,S2-580966982,S1_S2,India,0,none
S1-850300325,S2-693481888,S1_S2,India,0,none
S1-850300325,S2-802005278,S1_S2,India,0,none
S1-850300325,S3-93384923,S1_S3,India,0,none
S1-851121385,S3-391636521,S1_S3,India,0,none
S1-851795518,S3-895351648,S1_S3,US,0,none
S1-855010943,S3-421272994,S1_S3,India,0,none
S1-855355685,S2-109725311,S1_S2,US,0,none
S1-855355685,S3-850917608,S1_S3,US,0,none
S1-857436182,S2-47780642,S1_S2,India,0,none
S1-857436182,S3-360770168,S1_S3,India,0,none
S1-857436182,S3-458483748,S1_S3,India,0,none
S1-857436182,S3-595819576,S1_S3,India,0,none
S1-857744987,S3-171493437,S1_S3,US,0,none
S1-857744987,S3-530932256,S1_S3,US,0,none
S1-858872255,S2-109790578,S1_S2,US,0,none
S1-859190382,S2-319070888,S1_S2,India,0,none
S1-861160762,S2-652316115,S1_S2,India,0,none
S1-861160762,S2-993533353,S1_S2,India,0,none
S1-861160762,S3-400015080,S1_S3,India,0,none
S1-861841587,S2-998326517,S1_S2,India,0,none
S1-863529051,S2-248786196,S1_S2,India,0,none
S1-863529051,S2-836052293,S1_S2,India,0,none
S1-863529051,S3-279861986,S1_S3,India,0,none
S1-864583506,S2-767294788,S1_S2,India,0,none
S1-864583506,S2-929384367,S1_S2,India,0,none
S1-866241066,S2-242883822,S1_S2,US,0,none
S1-866241066,S2-820732727,S1_S2,US,0,none
S1-866319002,S2-759723928,S1_S2,India,0,none
S1-866319002,S3-725084932,S1_S3,India,0,none
S1-866705738,S3-94426595,S1_S3,India,0,none
S1-866754089,S2-625048497,S1_S2,India,0,none
S1-86818335,S3-821315931,S1_S3,US,0,none
S1-869436852,S3-270637497,S1_S3,India,0,none
S1-869786890,S2-614830949,S1_S2,US,0,none
S1-869786890,S3-732016338,S1_S3,US,0,none
S1-870464145,S2-462326822,S1_S2,US,0,none
S1-870464145,S3-202453457,S1_S3,US,0,none
S1-870826851,S2-890736695,S1_S2,US,0,none
S1-870826851,S3-975016669,S1_S3,US,0,none
S1-873421624,S2-385743340,S1_S2,US,0,none
S1-874265077,S2-682754270,S1_S2,India,0,none
S1-874265077,S3-249555,S1_S3,India,0,none
S1-874545642,S3-440541270,S1_S3,India,0,none
S1-875023677,S2-118423833,S1_S2,India,0,none
S1-875023677,S2-51071265,S1_S2,India,0,none
S1-875023677,S2-615511845,S1_S2,India,0,none
S1-875023677,S2-693289447,S1_S2,India,0,none
S1-875023677,S3-347285949,S1_S3,India,0,none
S1-877576285,S2-669203551,S1_S2,US,0,none
S1-877576285,S3-515662932,S1_S3,US,0,none
S1-877576285,S3-588741441,S1_S3,US,0,none
S1-877719208,S2-929262409,S1_S2,India,0,none
S1-877719208,S3-685922461,S1_S3,India,0,none
S1-878935319,S2-919947325,S1_S2,India,0,none
S1-878935319,S2-945926373,S1_S2,India,0,none
S1-879691287,S3-647565283,S1_S3,India,0,none
S1-879691287,S3-977548948,S1_S3,India,0,none
S1-879812753,S2-948894225,S1_S2,US,0,none
S1-881836848,S2-325674565,S1_S2,US,0,none
S1-881836848,S3-798247714,S1_S3,US,0,none
S1-882161521,S2-501468611,S1_S2,US,0,none
S1-882161521,S3-434331840,S1_S3,US,0,none
S1-882161521,S3-851683600,S1_S3,US,0,none
S1-882161521,S3-995276689,S1_S3,US,0,none
S1-882655445,S2-577168038,S1_S2,US,0,none
S1-882655445,S2-782624938,S1_S2,US,0,none
S1-882655445,S3-721131655,S1_S3,US,0,none
S1-884450435,S2-552349259,S1_S2,India,0,none
S1-884450435,S3-644837046,S1_S3,India,0,none
S1-885417637,S2-771346143,S1_S2,India,0,none
S1-885807399,S2-560839628,S1_S2,India,0,none
S1-886222433,S2-1385039,S1_S2,US,0,none
S1-886222433,S2-527027085,S1_S2,US,0,none
S1-886695360,S2-816804078,S1_S2,US,0,none
S1-886944937,S2-163024714,S1_S2,India,0,none
S1-887158998,S3-677135186,S1_S3,US,0,none
S1-887331976,S2-373728635,S1_S2,US,0,none
S1-887331976,S3-201560545,S1_S3,US,0,none
S1-887331976,S3-755153274,S1_S3,US,0,none
S1-887575859,S2-530057263,S1_S2,India,0,none
S1-887575859,S3-958869924,S1_S3,India,0,none
S1-888111751,S3-183572431,S1_S3,US,0,none
S1-888864875,S2-158104463,S1_S2,India,0,none
S1-888864875,S2-352135990,S1_S2,India,0,none
S1-888864875,S3-363041515,S1_S3,India,0,none
S1-889455124,S3-412698815,S1_S3,US,0,none
S1-889455124,S3-975197131,S1_S3,US,0,none
S1-890155045,S3-26566433,S1_S3,US,0,none
S1-893058667,S2-720710727,S1_S2,India,0,none
S1-893401304,S2-173109793,S1_S2,India,0,none
S1-893401304,S2-753654342,S1_S2,India,0,none
S1-893401304,S3-748158597,S1_S3,India,0,none
S1-893401304,S3-966445582,S1_S3,India,0,none
S1-895574941,S3-825434891,S1_S3,India,0,none
S1-895574941,S3-875029726,S1_S3,India,0,none
S1-896334831,S2-531312235,S1_S2,India,0,none
S1-896334831,S3-705667939,S1_S3,India,0,none
S1-896334831,S3-992576842,S1_S3,India,0,none
S1-896793190,S2-22028585,S1_S2,India,0,none
S1-896793190,S2-494201197,S1_S2,India,0,none
S1-897469823,S2-894835513,S1_S2,India,0,none
S1-897469823,S3-780827889,S1_S3,India,0,none
S1-897469823,S3-788285842,S1_S3,India,0,none
S1-899326308,S3-241153887,S1_S3,India,0,none
S1-90076937,S3-300722177,S1_S3,US,0,none
S1-902843189,S2-214642062,S1_S2,US,0,none
S1-902843189,S2-249659008,S1_S2,US,0,none
S1-902874231,S3-126107683,S1_S3,US,0,none
S1-902874231,S3-90757850,S1_S3,US,0,none
S1-903742767,S2-225142997,S1_S2,US,0,none
S1-903742767,S3-708397741,S1_S3,US,0,none
S1-906096811,S2-543404871,S1_S2,India,0,none
S1-906096811,S2-995034004,S1_S2,India,0,none
S1-906096811,S3-401693194,S1_S3,India,0,none
S1-907390302,S2-909789239,S1_S2,India,0,none
S1-909106909,S3-314466093,S1_S3,US,0,none
S1-909106909,S3-807610506,S1_S3,US,0,none
S1-909178921,S2-904236934,S1_S2,India,0,none
S1-909422241,S2-660536622,S1_S2,US,0,none
S1-910222961,S2-273893922,S1_S2,US,0,none
S1-910222961,S2-674824947,S1_S2,US,0,none
S1-910222961,S3-649549578,S1_S3,US,0,none
S1-910958924,S2-193150170,S1_S2,India,0,none
S1-910958924,S2-389165979,S1_S2,India,0,none
S1-910958924,S2-552247491,S1_S2,India,0,none
S1-911472131,S2-330721690,S1_S2,India,0,none
S1-911472131,S3-248130435,S1_S3,India,0,none
S1-911472131,S3-502006780,S1_S3,India,0,none
S1-91346312,S3-434700406,S1_S3,US,0,none
S1-91346312,S3-772710537,S1_S3,US,0,none
S1-913721906,S2-454368877,S1_S2,US,0,none
S1-913724452,S2-711784207,S1_S2,US,0,none
S1-915127548,S2-49581462,S1_S2,India,0,none
S1-915127548,S3-329533577,S1_S3,India,0,none
S1-915127548,S3-865057849,S1_S3,India,0,none
S1-916206005,S3-269790229,S1_S3,India,0,none
S1-917838742,S2-481133209,S1_S2,India,0,none
S1-917838742,S2-787187442,S1_S2,India,0,none
S1-918372967,S2-402183246,S1_S2,US,0,none
S1-918372967,S3-657612255,S1_S3,US,0,none
S1-918372967,S3-982652029,S1_S3,US,0,none
S1-918967926,S2-313447692,S1_S2,India,0,none
S1-918967926,S2-572112474,S1_S2,India,0,none
S1-918967926,S3-728447012,S1_S3,India,0,none
S1-91917777,S2-350448431,S1_S2,US,0,none
S1-91917777,S2-431673028,S1_S2,US,0,none
S1-91917777,S2-684184532,S1_S2,US,0,none
S1-91917777,S2-704327256,S1_S2,US,0,none
S1-91917777,S3-467089764,S1_S3,US,0,none
S1-91917777,S3-537274350,S1_S3,US,0,none
S1-91917777,S3-83020291,S1_S3,US,0,none
S1-920014398,S3-656500406,S1_S3,India,0,none
S1-920189285,S2-240299958,S1_S2,India,0,none
S1-920189285,S2-503189605,S1_S2,India,0,none
S1-920189285,S2-555525274,S1_S2,India,0,none
S1-920189285,S3-143104668,S1_S3,India,0,none
S1-920189285,S3-177705542,S1_S3,India,0,none
S1-920189285,S3-705928633,S1_S3,India,0,none
S1-920925297,S2-21917586,S1_S2,US,0,none
S1-920925297,S3-120314626,S1_S3,US,0,none
S1-921526724,S3-168967055,S1_S3,India,0,none
S1-923952046,S2-252960004,S1_S2,US,0,none
S1-923952046,S3-710143341,S1_S3,US,0,none
S1-923975898,S2-394946275,S1_S2,US,0,none
S1-923975898,S2-443132904,S1_S2,US,0,none
S1-923975898,S2-802407887,S1_S2,US,0,none
S1-924173789,S3-903757183,S1_S3,India,0,none
S1-927886661,S3-409592289,S1_S3,US,0,none
S1-928099466,S2-469667674,S1_S2,US,0,none
S1-928099466,S2-627187709,S1_S2,US,0,none
S1-928099466,S3-536896395,S1_S3,US,0,none
S1-928194433,S3-600713937,S1_S3,India,0,none
S1-928194433,S3-847360029,S1_S3,India,0,none
S1-928980721,S3-950760039,S1_S3,India,0,none
S1-929010918,S2-112118839,S1_S2,US,0,none
S1-929010918,S2-728847197,S1_S2,US,0,none
S1-929010918,S2-824968267,S1_S2,US,0,none
S1-930142829,S3-565568909,S1_S3,India,0,none
S1-930713347,S2-338377283,S1_S2,US,0,none
S1-930713347,S3-995225879,S1_S3,US,0,none
S1-932161181,S2-236871747,S1_S2,India,0,none
S1-932161181,S2-557432860,S1_S2,India,0,none
S1-932161181,S3-451326473,S1_S3,India,0,none
S1-932161181,S3-906230728,S1_S3,India,0,none
S1-932661427,S3-921853849,S1_S3,US,0,none
S1-932679857,S2-632452459,S1_S2,India,0,none
S1-9331527,S3-549690032,S1_S3,India,0,none
S1-933324603,S2-364284232,S1_S2,US,0,none
S1-934187214,S2-106231910,S1_S2,India,0,none
S1-934187214,S2-194152767,S1_S2,India,0,none
S1-934187214,S3-233524393,S1_S3,India,0,none
S1-934187214,S3-644998659,S1_S3,India,0,none
S1-935350048,S2-152461829,S1_S2,US,0,none
S1-935350048,S2-45368400,S1_S2,US,0,none
S1-936966173,S2-609468040,S1_S2,US,0,none
S1-937389288,S2-213439413,S1_S2,India,0,none
S1-937389288,S2-392933903,S1_S2,India,0,none
S1-937389288,S2-914311497,S1_S2,India,0,none
S1-937389288,S3-676951776,S1_S3,India,0,none
S1-938023161,S2-461775807,S1_S2,US,0,none
S1-938023161,S3-794146901,S1_S3,US,0,none
S1-938171320,S3-211156894,S1_S3,US,0,none
S1-939096566,S3-708387095,S1_S3,US,0,none
S1-939436051,S2-475666162,S1_S2,India,0,none
S1-939436051,S2-644742773,S1_S2,India,0,none
S1-939436051,S2-87705680,S1_S2,India,0,none
S1-939436051,S3-929492516,S1_S3,India,0,none
S1-940879750,S3-527613600,S1_S3,US,0,none
S1-941442619,S2-131448054,S1_S2,US,0,none
S1-942009682,S3-992377024,S1_S3,US,0,none
S1-942478962,S2-470622803,S1_S2,India,0,none
S1-942526175,S3-228152530,S1_S3,US,0,none
S1-942672723,S3-145287334,S1_S3,US,0,none
S1-942672723,S3-936386019,S1_S3,US,0,none
S1-943943220,S2-811551990,S1_S2,US,0,none
S1-943993523,S2-270372116,S1_S2,India,0,none
S1-943993523,S2-697393492,S1_S2,India,0,none
S1-943993523,S2-927884666,S1_S2,India,0,none
S1-943993523,S3-111523263,S1_S3,India,0,none
S1-944120996,S3-900361977,S1_S3,India,0,none
S1-944320870,S2-541573506,S1_S2,US,0,none
S1-9446247,S2-509014937,S1_S2,India,0,none
S1-9446247,S3-299629000,S1_S3,India,0,none
S1-9446247,S3-736799734,S1_S3,India,0,none
S1-946633634,S2-157049677,S1_S2,US,0,none
S1-946633634,S3-989247673,S1_S3,US,0,none
S1-946694212,S2-620290166,S1_S2,US,0,none
S1-947571447,S2-55195223,S1_S2,India,0,none
S1-948576467,S3-631217003,S1_S3,India,0,none
S1-949459221,S2-152398949,S1_S2,US,0,none
S1-949459221,S2-359622324,S1_S2,US,0,none
S1-949459221,S3-344715922,S1_S3,US,0,none
S1-949617330,S3-128337692,S1_S3,US,0,none
S1-949617330,S3-412056763,S1_S3,US,0,none
S1-949617330,S3-931353584,S1_S3,US,0,none
S1-952178876,S2-753045296,S1_S2,India,0,none
S1-952178876,S2-900283774,S1_S2,India,0,none
S1-952178876,S3-136712257,S1_S3,India,0,none
S1-952178876,S3-367025280,S1_S3,India,0,none
S1-953853958,S2-457890253,S1_S2,India,0,none
S1-953853958,S3-998455456,S1_S3,India,0,none
S1-954313734,S2-379418903,S1_S2,India,0,none
S1-954313734,S3-743665933,S1_S3,India,0,none
S1-956524632,S2-498820762,S1_S2,India,0,none
S1-956524632,S2-62660579,S1_S2,India,0,none
S1-956524632,S3-740743295,S1_S3,India,0,none
S1-956524632,S3-777143764,S1_S3,India,0,none
S1-956524632,S3-930885470,S1_S3,India,0,none
S1-958570727,S3-952922520,S1_S3,US,0,none
S1-95887339,S3-47945431,S1_S3,India,0,none
S1-959428440,S2-7958631,S1_S2,India,0,none
S1-959428440,S3-442079816,S1_S3,India,0,none
S1-959428440,S3-493610624,S1_S3,India,0,none
S1-960358504,S2-517494778,S1_S2,US,0,none
S1-960478318,S3-979483166,S1_S3,India,0,none
S1-960787494,S2-376113223,S1_S2,US,0,none
S1-960787494,S2-788526976,S1_S2,US,0,none
S1-961231982,S2-133860665,S1_S2,US,0,none
S1-961231982,S2-852921321,S1_S2,US,0,none
S1-96133496,S2-46301535,S1_S2,India,0,none
S1-961832359,S2-953275012,S1_S2,US,0,none
S1-961832359,S3-455502642,S1_S3,US,0,none
S1-961832359,S3-68984206,S1_S3,US,0,none
S1-963120023,S2-633248303,S1_S2,US,0,none
S1-963120023,S3-361773512,S1_S3,US,0,none
S1-9632200,S2-192189603,S1_S2,India,0,none
S1-9632200,S2-883498775,S1_S2,India,0,none
S1-963253464,S2-114528622,S1_S2,US,0,none
S1-963253464,S2-767190149,S1_S2,US,0,none
S1-963253464,S3-902142914,S1_S3,US,0,none
S1-96422555,S3-203288692,S1_S3,US,0,none
S1-96422555,S3-984687938,S1_S3,US,0,none
S1-964438574,S3-804448116,S1_S3,US,0,none
S1-964974255,S2-829978022,S1_S2,US,0,none
S1-964974255,S3-221257264,S1_S3,US,0,none
S1-964974255,S3-375234064,S1_S3,US,0,none
S1-965701446,S3-605470457,S1_S3,India,0,none
S1-966236989,S2-718579004,S1_S2,US,0,none
S1-967730180,S2-384684624,S1_S2,US,0,none
S1-967730180,S3-921948864,S1_S3,US,0,none
S1-968048437,S2-306442804,S1_S2,India,0,none
S1-968048437,S3-833644127,S1_S3,India,0,none
S1-96821468,S2-112732755,S1_S2,US,0,none
S1-968781396,S2-193749891,S1_S2,India,0,none
S1-968781396,S3-165537598,S1_S3,India,0,none
S1-968781396,S3-483339930,S1_S3,India,0,none
S1-969254660,S2-352827375,S1_S2,India,0,none
S1-969254660,S2-692658153,S1_S2,India,0,none
S1-969254660,S3-315448104,S1_S3,India,0,none
S1-96928877,S2-455306082,S1_S2,US,0,none
S1-96928877,S3-287005818,S1_S3,US,0,none
S1-969819400,S2-539591618,S1_S2,India,0,none
S1-971104574,S2-402755159,S1_S2,India,0,none
S1-971104574,S3-581438026,S1_S3,India,0,none
S1-971838125,S2-81721919,S1_S2,India,0,none
S1-971838125,S3-143958404,S1_S3,India,0,none
S1-97199812,S2-438508095,S1_S2,US,0,none
S1-972133522,S2-759310774,S1_S2,India,0,none
S1-972133522,S2-857982475,S1_S2,India,0,none
S1-972133522,S2-896485806,S1_S2,India,0,none
S1-972133522,S3-140844061,S1_S3,India,0,none
S1-972279198,S2-388749919,S1_S2,US,0,none
S1-972279198,S2-951448905,S1_S2,US,0,none
S1-974551977,S2-974158382,S1_S2,US,0,none
S1-975046673,S2-837304115,S1_S2,US,0,none
S1-9761432,S2-316755332,S1_S2,India,0,none
S1-9761432,S2-719358422,S1_S2,India,0,none
S1-9761432,S3-202518458,S1_S3,India,0,none
S1-976710353,S2-721633282,S1_S2,India,0,none
S1-976710353,S3-877983797,S1_S3,India,0,none
S1-976941046,S2-370112635,S1_S2,India,0,none
S1-977068079,S3-347607039,S1_S3,US,0,none
S1-977068079,S3-831139735,S1_S3,US,0,none
S1-978574202,S3-104900710,S1_S3,US,0,none
S1-978609152,S2-689335555,S1_S2,US,0,none
S1-978609152,S3-136444358,S1_S3,US,0,none
S1-979833741,S3-130605039,S1_S3,India,0,none
S1-979833741,S3-168951756,S1_S3,India,0,none
S1-979833741,S3-94428278,S1_S3,India,0,none
S1-980229202,S2-672345934,S1_S2,US,0,none
S1-980229202,S3-15362256,S1_S3,US,0,none
S1-980229202,S3-287557669,S1_S3,US,0,none
S1-980229202,S3-494558264,S1_S3,US,0,none
S1-980229202,S3-93446926,S1_S3,US,0,none
S1-983618477,S2-290437761,S1_S2,India,0,none
S1-983618477,S3-439788393,S1_S3,India,0,none
S1-984136332,S2-777992995,S1_S2,India,0,none
S1-984136332,S3-4389763,S1_S3,India,0,none
S1-984136332,S3-645693597,S1_S3,India,0,none
S1-984907523,S2-778543328,S1_S2,India,0,none
S1-985176291,S2-901687405,S1_S2,India,0,none
S1-985176291,S3-248380892,S1_S3,India,0,none
S1-985181951,S2-82526490,S1_S2,India,0,none
S1-986754467,S3-544420941,S1_S3,US,0,none
S1-986754467,S3-652925182,S1_S3,US,0,none
S1-986754467,S3-796325229,S1_S3,US,0,none
S1-989027964,S2-243992422,S1_S2,India,0,none
S1-989027964,S2-657868062,S1_S2,India,0,none
S1-989027964,S3-865597777,S1_S3,India,0,none
S1-989145838,S2-211954726,S1_S2,US,0,none
S1-989145838,S2-352001937,S1_S2,US,0,none
S1-989145838,S2-731569427,S1_S2,US,0,none
S1-989145838,S3-228614205,S1_S3,US,0,none
S1-989197494,S2-397272614,S1_S2,India,0,none
S1-989674677,S3-269311248,S1_S3,US,0,none
S1-990151458,S2-307390146,S1_S2,India,0,none
S1-990151458,S3-490229459,S1_S3,India,0,none
S1-990151458,S3-711598679,S1_S3,India,0,none
S1-990308208,S2-346787504,S1_S2,India,0,none
S1-991357667,S2-386708600,S1_S2,India,0,none
S1-991357667,S3-154982660,S1_S3,India,0,none
S1-992408521,S3-798601549,S1_S3,India,0,none
S1-994808611,S2-889346662,S1_S2,US,0,none
S1-995266947,S3-109895610,S1_S3,India,0,none
S1-995266947,S3-993147116,S1_S3,India,0,none
S1-996297203,S2-246105400,S1_S2,India,0,none
S1-996297203,S2-704927968,S1_S2,India,0,none
S1-996297203,S3-652664983,S1_S3,India,0,none
S1-996997615,S2-603094058,S1_S2,India,0,none
S1-996997615,S3-645684516,S1_S3,India,0,none
S1-997110074,S2-175216297,S1_S2,India,0,none
S1-997110074,S2-557115288,S1_S2,India,0,none
S1-997414641,S2-344314062,S1_S2,India,0,none
S1-997414641,S2-858923200,S1_S2,India,0,none
S1-997414641,S3-360013827,S1_S3,India,0,none
S1-998477793,S3-222581958,S1_S3,US,0,none
S1-998575525,S3-966071268,S1_S3,US,0,none
S1-998970058,S2-773397331,S1_S2,US,0,none
S1-998970058,S3-263513706,S1_S3,US,0,none
S1-998970058,S3-369984412,S1_S3,US,0,none
S1-998970058,S3-659707214,S1_S3,US,0,none
