pair,n_both,n_a_only,n_b_only,jaccard
exact_norm_name||exact_rare_name_token,82,1514,211,0.04537908135030437
exact_norm_name||name_tfidf_top50,1535,61,3297,0.313713468219906
exact_norm_name||address_tfidf_top50,1354,242,4762,0.21296005033029256
exact_norm_name||frozen_exact_union,1596,0,211,0.8832318760376314
exact_norm_name||exact_tfidf_union_top50,1592,4,5280,0.2315299592786504
exact_norm_name||full_union_top50,1596,0,5281,0.23207794096262904
exact_rare_name_token||name_tfidf_top50,262,31,4570,0.05387620810199465
exact_rare_name_token||address_tfidf_top50,253,40,5863,0.041098115659519166
exact_rare_name_token||frozen_exact_union,293,0,1514,0.16214720531267293
exact_rare_name_token||exact_tfidf_union_top50,292,1,6580,0.04248508657063873
exact_rare_name_token||full_union_top50,293,0,6584,0.04260578740729969
name_tfidf_top50||address_tfidf_top50,4076,756,2040,0.5931315483119907
name_tfidf_top50||frozen_exact_union,1715,3117,92,0.34829406986190087
name_tfidf_top50||exact_tfidf_union_top50,4832,0,2040,0.7031431897555297
name_tfidf_top50||full_union_top50,4832,0,2045,0.7026319616111677
address_tfidf_top50||frozen_exact_union,1533,4583,274,0.23990610328638498
address_tfidf_top50||exact_tfidf_union_top50,6116,0,756,0.889988358556461
address_tfidf_top50||full_union_top50,6116,0,761,0.8893412825359895
frozen_exact_union||exact_tfidf_union_top50,1802,5,5070,0.2620328631670787
frozen_exact_union||full_union_top50,1807,0,5070,0.2627599243856333
exact_tfidf_union_top50||full_union_top50,6872,0,5,0.9992729387814454
